CODE,DESCRIPTION,UNIT,QUANTITY,CATEGORY
F10000616,ΑΛΛΑΝΤΙΚΟ ΒΟΥΒΑΛΙΣΙΟ ΨΗΤΟ PERFETTO GUSTO SARY,Kilogram,4.911 ,F100 COLD CUTS
F10000309,ΑΛΛΑΝΤΙΚΟ ΧΟΙΡΙΝΟ ΨΑΡΟΝΕΦΡΙ ΡΙΓΑΝΑΤΟ SARY,Kilogram,2.194 ,F100 COLD CUTS
F1000216,ΓΑΛΟΠΟΥΛΑ ΒΡΑΣΤΗ ΦΙΛΕΤΟ ΑΝΑΓΛΥΦΟ ΧΩΡΙΣ ΓΛΟΥΤΕΝΗ 0-2% ΜΠΑΣΤΟΥΝΙ SARY,Kilogram,16.526 ,F100 COLD CUTS
F10000615,ΓΑΛΟΠΟΥΛΑ ΣΤΗΘΟΣ ΨΗΤΟ ΙΡΙΔΑ SARY (22.8KG),Kilogram,3.880 ,F100 COLD CUTS
F1000003,ΖΑΜΠΟΝ ΜΠΟΥΤΙ ΚΑΠΝΙΣΤΟ ΟΒΑΛ FUEGO ΝΙΚΑΣ,Kilogram,12.770 ,F100 COLD CUTS
F10000420,ΖΑΜΠΟΝ ΠΙΚ ΝΙΚ 10*10 ΦΕΤΕΣ REN ΝΙΚΑΣ (800G),Kilogram,14.400 ,F100 COLD CUTS
F1000130,ΛΟΥΚΑΝΙΚΑ BRATWURST ΥΦΑΝΤΗΣ,Kilogram,18.740 ,F100 COLD CUTS
F10000473,ΛΟΥΚΑΝΙΚΑ CHORIZO ΠΙΚΑΝΤΙΚΟ ΠΕΤΑΛΟ  MARTINEZ SOMALO (225G),Kilogram,0.920 ,F100 COLD CUTS
F10000502,"ΛΟΥΚΑΝΙΚΑ ΚΟΚΤΕΪΛ ""ΣΥΝΤΑΓΕΣ"" ΠΑΝ. ΝΙΚΑΣ (700G)",Kilogram,14.877 ,F100 COLD CUTS
F10000846,ΛΟΥΚΑΝΙΚΑ ΚΟΤΟΠΟΥΛΟ ΑΙΑ,Kilogram,14.000 ,F100 COLD CUTS
F10000830,ΛΟΥΚΑΝΙΚΑ ΤΑΒΕΡΝΑΣ ΘΡΑΚΗΣ ΓΕΥΣΕΙΣ ΥΦΑΝΤΗΣ,Kilogram,31.500 ,F100 COLD CUTS
F10000613,ΜΟΡΤΑΔΕΛΑ ΔΡΑΜΑΣ ΜΠΑΣΤΟΥΝΙ SARY,Kilogram,4.404 ,F100 COLD CUTS
F10000429,ΜΠΕΪΚΟΝ ΚΑΠΝΙΣΤΟ ΠΛΑΚΑ ΣΕ ΦΕΤΕΣ ΘΡΑΚΗΣ ΓΕΥΣΕΙΣ IFANTIS,Kilogram,27.310 ,F100 COLD CUTS
F10000302,ΠΑΝΣΕΤΑ ΚΑΠΝΙΣΤΗ ΧΟΙΡΙΝΗ ΣΕ ΦΕΤΕΣ ΠΑΝΤΕΡΗ,Kilogram,5.690 ,F100 COLD CUTS
F10000626,ΠΑΣΤΡΑΜΙ ΓΑΛΟΠΟΥΛΑΣ ΨΗΤΟ ΑΚΟΠΟ LEGRAND SARY,Kilogram,4.162 ,F100 COLD CUTS
F1000262,ΠΡΟΣΙΟΥΤΟ COTTO 1/2 GRAND GOURMET VILLANI,Kilogram,4.290 ,F100 COLD CUTS
F10000794,ΠΡΟΣΙΟΥΤΟ MATTONELLΑ SIMONINI,Kilogram,12.696 ,F100 COLD CUTS
F1000034,ΣΑΛΑΜΙ ΑΕΡΟΣ ΘΑΣΟΥ ΜΠΑΣΤΟΥΝΙ ΥΦΑΝΤΗΣ,Kilogram,6.320 ,F100 COLD CUTS
F1000200,ΣΑΛΑΜΙ ΑΕΡΟΣ ΩΡΑΙΑ ΔΡΑΜΑ ΜΠΑΣΤΟΥΝΙ ΡΟΛΟ (SARY),Kilogram,3.356 ,F100 COLD CUTS
F1000210,ΣΑΡNTΙΝΕΛΛΑ ΜΠΑΣΤΟΥΝΙ ΡΟΛΟ LEGRAND SARY,Kilogram,4.624 ,F100 COLD CUTS
F10000627,ΧΑΜΟΝ IBERICO ΜΠΟΥΤΙ BELLOTA ΧΟΙΡΟΥ ΣΕ ΦΕΤΕΣ (100G),Piece,2.000 ,F100 COLD CUTS
F10100754,ΤΥΡΙ BRIE ΓΑΛΛΙΑΣ PRESIDENT (3KG),Kilogram,6.320 ,F101 CHEESE
F1010066,ΤΥΡΙ COMTE ΓΑΛΛΙΑΣ 12ΜΗΝΩΝ ΩΡΙΜΑΝΣΗΣ,Kilogram,4.905 ,F101 CHEESE
F1010091,ΤΥΡΙ COTTAGE ROYAL (200G),CUP,44.000 ,F101 CHEESE
F10100750,ΤΥΡΙ EMMENTAL 45% ΦΡΑΤΖΟΛΑ ROYAL (3KG),Kilogram,3.090 ,F101 CHEESE
F10101127,ΤΥΡΙ EMMENTAL ΓΕΡΜΑΝΙΑΣ ΣΕ ΦΕΤΕΣ ADORO,Kilogram,2.000 ,F101 CHEESE
F10100739,ΤΥΡΙ GOUDA 48% ΦΡΑΤΖΟΛΑ ARTIMA (3KG),Kilogram,35.760 ,F101 CHEESE
F10100788,ΤΥΡΙ MASCARPONE AMBROSI (500G),CUP,8.000 ,F101 CHEESE
F1010063,ΤΥΡΙ MILNER ΜΕ ΧΑΜΗΛΑ ΛΙΠΑΡΑ ΝΟΥΝΟΥ,Kilogram,5.650 ,F101 CHEESE
F1010490,ΤΥΡΙ MIMOLETTE LOSFELD 12ΜΗΝΩΝ ΩΡΙΜΑΝΣΗΣ,Kilogram,3.440 ,F101 CHEESE
F10100999,ΤΥΡΙ MOZZARELLA BURRATA ΝΩΠΟ ΑΓΕΛΑΔΙΝΗ ARTIGIANNA (125G),CUP,34.000 ,F101 CHEESE
F1010098,ΤΥΡΙ MOZZARELLA BURRATA ΝΩΠΟ ΑΓΕΛΑΔΙΝΗ CAPURSO (125G),CUP,38.000 ,F101 CHEESE
F10101265,ΤΥΡΙ MOZZARELLA BURRATA ΝΩΠΟ ΑΓΕΛΑΔΙΝΗ VALCOLATTE (125G),Packet,4.000 ,F101 CHEESE
F10100929,ΤΥΡΙ MOZZARELLA BURRATA ΦΡΕΣΚΙΑ VALCOLATTE (2*125G/8),CUP,34.000 ,F101 CHEESE
F10100715,ΤΥΡΙ MOZZARELLA ΛΕΥΚΗ ΒΑΥΑΡΙΑΣ ΜΠΑΣΤΟΥΝΙ ALPINETTA,Kilogram,70.000 ,F101 CHEESE
F10100747,ΤΥΡΙ PECORINO ROMANO ΙΤΑΛΙΑΣ ΠΟΠ COLLA,Kilogram,6.860 ,F101 CHEESE
F10101033,ΤΥΡΙ REGGATO ΚΕΦΑΛΙ ΣΤΡΟΥΓΓΑ,Kilogram,10.580 ,F101 CHEESE
F1010159,ΤΥΡΙ RICOTTA ΙΤΑΛΙΑΣ NATURA SINCERA (250G),CUP,2.000 ,F101 CHEESE
F1010371,ΤΥΡΙ ΑΝΘΟΤΥΡΟ ΞΗΡΟ ΧΑΝΙΩΝ ΚΩΣΤΑΚΗ,Kilogram,1.155 ,F101 CHEESE
F1010021,ΤΥΡΙ ΑΝΘΟΤΥΡΟ ΦΑΡΜΑ ΠΙΕΡΙΑΣ,Kilogram,1.670 ,F101 CHEESE
F1010145,ΤΥΡΙ ΓΑΛΟΜΥΖΗΘΡΑ ΚΡΗΤΗΣ ΤΥΡΟΚΟΜΙΚΑ ΚΩΣΤΑΚΗ,Kilogram,8.100 ,F101 CHEESE
F10100787,ΤΥΡΙ ΓΡΑΒΙΕΡΑ ΑΠΟ ΑΙΓΟΠΡΟΒΕΙΟ ΓΑΛΑ ΠΟΠ ΚΕΦΑΛΙ ΚΡΗΤΗΣ ΚΑΛΟΓΕΡΑΚΗ (3KG),Kilogram,5.325 ,F101 CHEESE
F10100661,ΤΥΡΙ ΓΡΑΒΙΕΡΑ ΚΑΠΝΙΣΤΟ ΒΕΡΜΙΟΥ ΜΠΕΛΑΣ,Kilogram,5.125 ,F101 CHEESE
F10100725,ΤΥΡΙ ΓΡΑΒΙΕΡΑ ΜΕ ΜΑΥΡΗ ΤΡΟΥΦΑ 3Μ ΩΡΙΜΑΝΣΗΣ BLISS POINT (3KG),Kilogram,5.380 ,F101 CHEESE
F10100724,ΤΥΡΙ ΓΡΑΒΙΕΡΑ ΠΑΛΑΙΩΜENH ΜΕ ΘΥΜΑΡΙ 5ΜΗΝΩΝ BLISS POINT (3KG),Kilogram,6.880 ,F101 CHEESE
F10101053,ΤΥΡΙ ΓΡΑΒΙΕΡΑ ΣΑΝ ΜΙΧΑΛΗ ΣΥΡΟΥ BLISS POINT,Kilogram,2.800 ,F101 CHEESE
F10100728,ΤΥΡΙ ΕΛΛΗΝΙΚΗ ΓΩΝΙΑΝΗ ΜΑΛΑΚΗ ΣΥΜΠΟΣΙΟN (4KG),Kilogram,12.800 ,F101 CHEESE
F1010020,ΤΥΡΙ ΚΑΡΙΚΙ ΤΗΝΟΥ ΕΑΣ ΤΗΝΟΥ (300G),Kilogram,1.860 ,F101 CHEESE
F10100690,ΤΥΡΙ ΚΑΣΕΡΙ ΠΟΠ ΚΑΛΑΝΔΑΡΙΔΗΣ (1KG),Container,15.600 ,F101 CHEESE
F1010048,ΤΥΡΙ ΚΑΤΙΚΙ ΔΟΜΟΚΟΥ,Kilogram,2.500 ,F101 CHEESE
F10101236,ΤΥΡΙ ΚΑΤΣΙΚΙΣΙΟ CHEVRE ΓΑΛΛΙΑΣ ΚΟΡΜΟΣ ΧΩΡΙΣ ΚΡΟΥΣΤΑ ROYAL (1KG),Kilogram,4.000 ,F101 CHEESE
F10101068,ΤΥΡΙ ΚΙΤΡΙΝΟ VEGAN ΣΕ ΦΕΤΕΣ ΥΦΑΝΤΗΣ (180G),Packet,2.000 ,F101 CHEESE
F1010532,ΤΥΡΙ ΚΡΕΜΑ PHILADELPHIA (1.65KG),CUP,4.000 ,F101 CHEESE
F10100579,ΤΥΡΙ ΚΡΕΜΑ VEGAN EATFREE (200G),CUP,2.000 ,F101 CHEESE
F10100777,ΤΥΡΙ ΚΡΕΜΑ ΤΥΠΟΥ PHILADELPHIA 45% ALL NATURAL (3KG),Kilogram,6.000 ,F101 CHEESE
F1010032,ΤΥΡΙ ΜΑΝΟΥΡΙ ΜΑΛΑΚΟ (ΤΥΡΟΓΑΛΟ) ΠΟΠ,Kilogram,2.045 ,F101 CHEESE
F10100729,ΤΥΡΙ ΜΑΝΟΥΡΙ ΠΟΠ ΣΥΜΠΟΣΙΟΝ (2KG),Kilogram,7.190 ,F101 CHEESE
F10100918,ΤΥΡΙ ΜΑΣΤΕΛΟ ΑΓΕΛΑΔΙΝΟ,Kilogram,3.280 ,F101 CHEESE
F1010079,ΤΥΡΙ ΜΕΤΣΟΒΟΥ (ΜΕΤΣΟΒΟΝΕ) ΚΑΠΝΙΣΤΟ ΙΔΡΥΜΑ ΤΟΣΙΤΣΑ (1.5KG),Kilogram,6.250 ,F101 CHEESE
F10100727,ΤΥΡΙ ΜΠΛΕ ΚΥΑΝΟ 1/2 BLISS POINT (1.5KG),Kilogram,5.110 ,F101 CHEESE
F10101084,ΤΥΡΙ ΜΠΛΕ ΤΥΡΙ ΔΑΝΙΑΣ ΡΟΔΑ ROYAL,Kilogram,9.610 ,F101 CHEESE
F1010160,ΤΥΡΙ ΜΥΖΗΘΡΑ 4% MONOLITH (17.5KG),Kilogram,3.605 ,F101 CHEESE
F10101153,ΤΥΡΙ ΠΑΡΜΕΖΑΝΑ GRANA PADANO 1/8 ΟΛΟΚΛΗΡΗ ΦΕΤΑ PREMIUM GRAN DUCA,Kilogram,10.380 ,F101 CHEESE
F10101154,ΤΥΡΙ ΠΑΡΜΕΖΑΝΑ GRANA PADANO ΤΡΙΜΜΕΝΗ PREMIUM GRAN DUCA,Kilogram,10.000 ,F101 CHEESE
F10101268,ΤΥΡΙ ΣΚΟΤΥΡΙ ΙΟΥ ΤΟ ΝΙΩΤΙΚΟ (500G),Packet,5.000 ,F101 CHEESE
F1010023,ΤΥΡΙ ΣΦΕΛΑ ΠΟΠ ΜΕΣΣΗΝΗΣ ΑΛΜΗ ΤΥΡΟΚΟΜΙΚΗ ΜΕΣΣΗΝΗΣ (1KG),Kilogram,1.010 ,F101 CHEESE
F1010022,ΤΥΡΙ ΣΦΕΛΑ ΠΟΠ ΜΕΣΣΗΝΗΣ ΤΥΡΟΚΟΜΙΚΗ ΜΕΣΣΗΝΗΣ (6.5KG),Kilogram,7.500 ,F101 CHEESE
F10100719,ΤΥΡΙ ΤΣΕΝΤΑΡ (CHEDDAR) ΚΟΚΚΙΝΟ ΜΠΑΣΤΟΥΝΙ ROYAL,Kilogram,11.510 ,F101 CHEESE
F1010041,ΤΥΡΙ ΦΕΤΑ ΕΛΛΗΝΙΚΗ ΚΑΛΑΝΔΑΡΙΔΗ,Kilogram,64.000 ,F101 CHEESE
F10101117,ΤΥΡΙ ΦΥΤΙΚΟ ΓΕΥΣΗ CHEDDAR ΥΦΑΝΤΗΣ (180G),Packet,2.000 ,F101 CHEESE
F10101119,ΤΥΡΙ ΧΑΛΟΥΜΙ ΚΥΠΡΟΥ FARMER,Kilogram,23.400 ,F101 CHEESE
F10200614,ΓΑΛΑ ΑΓΕΛΑΔΟΣ ΜΑΚΡΑΣ ΔΙΑΡΚΕΙΑΣ 3.5% TOP PRO ΝΟΥΝΟΥ (1.5L),Carton,16.000 ,F102 MILK
F10200535,ΓΑΛΑ ΑΓΕΛΑΔΟΣ ΜΕ ΚΑΚΑΟ ΠΛΗΡΕΣ 3.5% ΚΟΥΚΑΚΗ (1L),Bottles,36.000 ,F102 MILK
F1020181,ΓΑΛΑ ΑΓΕΛΑΔΟΣ ΣΕ ΣΚΟΝΗ EPI,Kilogram,3.000 ,F102 MILK
F1020085,ΓΑΛΑ ΑΓΕΛΑΔΟΣ ΦΡΕΣΚΟ ΕΛΑΦΡΥ 1.5% ΜΕΒΓΑΛ (1L),Bottles,30.000 ,F102 MILK
F10200713,ΓΑΛΑ ΑΓΕΛΑΔΟΣ ΦΡΕΣΚΟ ΕΛΑΦΡΥ 1.5% ΜΕΒΓΑΛ (1L),Bottles,30.000 ,F102 MILK
F1020043,ΓΑΛΑ ΑΓΕΛΑΔΟΣ ΦΡΕΣΚΟ ΠΛΗΡΕΣ 3.5% ΜΕΒΓΑΛ (1L),Liter,299.000 ,F102 MILK
F1020084,ΓΑΛΑ ΑΓΕΛΑΔΟΣ ΧΩΡΙΣ ΛΑΚΤΟΖΗ ΠΛΗΡΕΣ 3.5% (1L),Carton,4.000 ,F102 MILK
F1020076,ΓΑΛΑ ΚΑΤΣΙΚΙΣΙΟ ΜΑΚΡΑΣ ΔΙΑΡΚΕΙΑΣ ΒΙΟΛΟΓΙΚΟ ΠΛΗΡΕΣ 3.5% ΟΛΥΜΠΟΣ (1L),Carton,3.000 ,F102 MILK
F10200727,ΓΙΑΟΥΡΤΙ ΑΓΕΛΑΔΟΣ ΕΔΕΣΜΑ ΜΕ ΦΥΤΙΚΑ ΛΙΠΑΡΑ 10% ΚΟΛΙΟΣ (5KG),Kilogram,50.000 ,F102 MILK
F10200623,ΓΙΑΟΥΡΤΙ ΑΓΕΛΑΔΟΣ ΣΤΡΑΓΓΙΣΤΟ ΕΛΑΦΡΥ 2% AUTHENTIC ΚΟΛΙΟΣ (1KG),Kilogram,48.000 ,F102 MILK
F1020189,ΓΙΑΟΥΡΤΙ ΑΓΕΛΑΔΟΣ ΣΤΡΑΓΓΙΣΤΟ ΠΛΗΡΕΣ 10% ΚΟΛΙΟΣ (5KG),Kilogram,50.000 ,F102 MILK
F10200573,ΓΙΑΟΥΡΤΙ ΑΓΕΛΑΔΟΣ ΣΤΡΑΓΓΙΣΤΟ ΠΛΗΡΕΣ 10% ΜΕΒΓΑΛ (5KG),Kilogram,35.000 ,F102 MILK
F1020292,ΓΙΑΟΥΡΤΙ ΣΟΓΙΑΣ SOJADE (400G),CUP,10.000 ,F102 MILK
F1020035,ΚΕΦΙΡ ΑΓΕΛΑΔΟΣ ΚΟΥΚΑΚΗ (330ML),Bottles,8.000 ,F102 MILK
F10200533,ΚΕΦΙΡ ΑΓΕΛΑΔΟΣ ΡΟΔΟΠΗ (1L),Bottles,6.000 ,F102 MILK
F1020309,ΚΡΕΜΑ ΓΑΛΑΚΤΟΣ ΑΓΕΛΑΔΟΣ 21% SMETANA (250ML),CUP,17.000 ,F102 MILK
F1020034,ΚΡΕΜΑ ΓΑΛΑΚΤΟΣ ΑΓΕΛΑΔΟΣ UHT 35% DEBIC TOP PRO (1.5L),Carton,52.000 ,F102 MILK
F10200617,ΚΡΕΜΑ ΓΑΛΑΚΤΟΣ ΑΓΕΛΑΔΟΣ UHT 35% ΚΟΥΚΑΚΗ (10KG),Container,2.000 ,F102 MILK
F10200646,ΚΡΕΜΑ ΓΑΛΑΚΤΟΣ ΦΥΤΙΚΗ UHT PRIME PASTRY (1L),Carton,3.000 ,F102 MILK
F10200539,ΚΡΕΜΑ ΦΥΤΙΚΗ AMBIANTE (12*1L),Liter,12.000 ,F102 MILK
F1020201,ΞΥΓΑΛΟ ΣΗΤΕΙΑΣ ΚΟΥΒΑΡΑΚΗΣ (2.3KG),Container,2.000 ,F102 MILK
F10200483,ΡΟΦΗΜΑ ΑΜΥΓΔΑΛΟΥ IN STEAD (1L),Carton,14.200 ,F102 MILK
F1020050,ΡΟΦΗΜΑ ΑΜΥΓΔΑΛΟΥ ΧΩΡΙΣ ΖΑΧΑΡΗ ALPRO (1L),Carton,22.000 ,F102 MILK
F10200481,ΡΟΦΗΜΑ ΒΡΩΜΗΣ IN STEAD (1L),Carton,48.800 ,F102 MILK
F1020071,ΡΟΦΗΜΑ ΒΡΩΜΗΣ ΒΙΟ EKOPLAZA (1L),Carton,10.000 ,F102 MILK
F10200484,ΡΟΦΗΜΑ ΚΑΡΥΔΑΣ IN STEAD (1L),Carton,10.600 ,F102 MILK
F10200414,ΡΟΦΗΜΑ ΣΟΓΙΑΣ ALPRO (1L),Carton,58.200 ,F102 MILK
F10200482,ΡΟΦΗΜΑ ΣΟΓΙΑΣ IN STEAD (1L),Carton,20.000 ,F102 MILK
F10300025,ΑΥΓΑ ΑΧΥΡΩΝΑ 53-63 ΜEDIUM OVO FRESCO (30ΤΕΜ),Carton,116.667 ,F103 EGGS
F10300034,ΑΥΓΑ ΕΛΕΥΘΕΡΑΣ ΒΟΣΚΗΣ 53-63 MEDIUM OVO FRESCO (30ΤΕΜ),Carton,1.000 ,F103 EGGS
F1030013,ΑΥΓΑ ΟΡΤΥΚΙΟΥ ΦΡΕΣΚΑ OVO FRESCO,Piece,168.000 ,F103 EGGS
F1030023,ΑΥΓΟ ΑΣΠΡΑΔΙ ΝΩΠΟ ΠΑΣΤΕΡΙΩΜΕΝΟ OVO FRESCO (1KG),Carton,5.400 ,F103 EGGS
F1030006,ΑΥΓΟ ΚΡΟΚΟΣ ΝΩΠΟΣ ΠΑΣΤΕΡΙΩΜΕΝΟΣ OVO FRESCO,Kilogram,6.000 ,F103 EGGS
F10300033,ΑΥΓΟ ΚΡΟΚΟΣ ΝΩΠΟΣ ΠΑΣΤΕΡΙΩΜΕΝΟΣ OVO FRESCO,Kilogram,20.000 ,F103 EGGS
F1110167,ΕΛΑΙΟΛΑΔΟ ΕΞΤΡΑ ΠΑΡΘΕΝΟ AVALIS (500ML),Bottles,1.000 ,F105 OIL
F11100558,ΕΛΑΙΟΛΑΔΟ ΕΞΤΡΑ ΠΑΡΘΕΝΟ AVALIS (5L),Liter,20.000 ,F105 OIL
F11100591,ΕΛΑΙΟΛΑΔΟ ΕΞΤΡΑ ΠΑΡΘΕΝΟ ΣΕΤ ΤΣΙΛΙ ΚΑΙ ΣΚΟΡΔΟ ΣΕ ΠΗΛΙΝΑ LADOLEA (2*80ML),Packet,2.000 ,F105 OIL
F11100719,ΕΛΑΙΟΛΑΔΟ ΕΞΤΡΑ ΠΑΡΘΕΝΟ ΣΠΟΝΔΗ (5L),Liter,100.000 ,F105 OIL
F1110008,ΗΛΙΕΛΑΙΟ (10L),Liter,750.000 ,F105 OIL
F11100687,ΛΑΔΙ CHILI PEPERONCINO PELLAS NATURE (250ML),Bottles,7.000 ,F105 OIL
F11100698,ΛΑΔΙ ΜΑΥΡΗΣ ΤΡΟΥΦΑΣ ΕΛΛΗΝΙΚΕΣ ΤΡΟΥΦΕΣ (250ML),Bottles,6.000 ,F105 OIL
F1110322,ΣΗΣΑΜΕΛΑΙΟ 100% KUKI (1.65L),Bottles,3.000 ,F105 OIL
F11100599,ΣΗΣΑΜΕΛΑΙΟ ΚΑΒΟΥΡΔΙΣΜΕΝΟ DIDESS MIGINO (6*750ML),Bottles,2.000 ,F105 OIL
F1110306,ΣΠΡΕΙ ΛΑΔΙΟΥ TRENNWAX ULMER SPATZ (500ML),Bottles,6.000 ,F105 OIL
F1110110,ΒΟΥΤΥΡΟ 82% MILKFAT DEBIC (25KG),Kilogram,112.800 ,F106 BUTTER & MARGARINE
F1110111,ΒΟΥΤΥΡΟ 84% EXTRA DRY ELLE VIRE,Kilogram,10.000 ,F106 BUTTER & MARGARINE
F11100597,ΒΟΥΤΥΡΟ ΑΓΕΛΑΔΙΝΟ ΗΜΙΑΛΑΤΙΣΜΕΝΟ ΜΕΡΙΔΕΣ ΣΕ ΧΑΡΤΙΝΗ ΣΥΣΚΕΥΑΣΙΑ CORPHES (900*10G),Kilogram,9.000 ,F106 BUTTER & MARGARINE
F11100674,ΒΟΥΤΥΡΟ ΑΓΕΛΑΔΙΝΟ ΝΩΠΟ MONTANARI (1KG),Kilogram,1.000 ,F106 BUTTER & MARGARINE
F1110038,ΒΟΥΤΥΡΟ ΜΕΡΙΔΕΣ ΑΓΕΛΑΔΟΣ 82% ΑΛΟΥΜΙΝΟΧΑΡΤΟ PRESIDENT (10G),Kilogram,30.000 ,F106 BUTTER & MARGARINE
F11600307,CHUTNEY ΝΤΟΜΑΤΑΣ & ΒΑΣΙΛΙΚΟΥ BELBERRY (6*880G),Jar,2.000 ,F107 SPREADS
F11600308,CHUTNEY ΣΥΚΟΥ & ΚΡΑΣΙ PORT BELBERRY (6*880G),Jar,2.000 ,F107 SPREADS
F1100443,ΑΛΕΙΜΜΑ ΤΑΡΑΜΟΠΟΛΤΟΣ MAMAH (15*145G),Container,6.000 ,F107 SPREADS
F11600293,ΜΑΡΜΕΛΑΔΑ ΚΟΚΚΙΝΗΣ ΤΟΜΑΤΑΣ (SAN MARZANO) TAMERICI (600G),Jar,4.000 ,F107 SPREADS
F1101159,ΤΑΡΑΜΟΠΟΛΤΟΣ ΛΕΥΚΟΣ LYBE (300G),CUP,4.000 ,F107 SPREADS
F1110047,ΦΥΣΤΙΚΟΒΟΥΤΥΡΟ ΔΟΧΕΙΟ ΧΑΙΤΟΓΛΟΥ (10KG),Kilogram,24.000 ,F107 SPREADS
F11001788,HONTERI MIRIN MIZKAN (568ML),Bottles,3.000 ,F108 SAUCES & DIPS
F11001957,KIMCHI BLEND TERRE EXOTIQUE (500G),Jar,1.000 ,F108 SAUCES & DIPS
F1100516,ΚΕΤΣΑΠ HEINZ (5.9L),Container,2.000 ,F108 SAUCES & DIPS
F1100215,ΜΑΓΙΟΝΕΖΑ HELLMANN'S (10KG),Container,8.000 ,F108 SAUCES & DIPS
F1100217,ΜΑΓΙΟΝΕΖΑ HELLMANN'S (5KG),Container,1.000 ,F108 SAUCES & DIPS
F11001187,ΜΑΓΙΟΝΕΖΑ ΧΩΡΙΣ ΑΥΓΟ VEGAN ΒΙΟ BIONOVA (235ML),Jar,4.000 ,F108 SAUCES & DIPS
F11001544,ΜΟΥΣΤΑΡΔΑ DIJON FALLOTT (12*210G),Jar,1.000 ,F108 SAUCES & DIPS
F11001540,ΜΟΥΣΤΑΡΔΑ DIJON ΜΕ ΒΑΣΙΛΙΚΟ FALLOTT (12*205G),Jar,7.000 ,F108 SAUCES & DIPS
F1100582,ΜΟΥΣΤΑΡΔΑ DIJON ΜΕ ΚΟΚΚΟΥΣ (1KG),Jar,5.000 ,F108 SAUCES & DIPS
F11001539,ΜΟΥΣΤΑΡΔΑ DIJON ΜΕ ΠΡΑΣΙΝΗ ΠΙΠΕΡΙΑ FALLOTT (12*210G),Jar,7.000 ,F108 SAUCES & DIPS
F1100222,ΜΟΥΣΤΑΡΔΑ HELLMANN'S (4.8KG),Container,4.000 ,F108 SAUCES & DIPS
F1100295,ΜΟΥΣΤΑΡΔΑ ΜΕ ΜΕΛΙ MAILLE (230G),Jar,73.000 ,F108 SAUCES & DIPS
F11001542,ΜΟΥΣΤΑΡΔΑ ΜΕ ΣΠΟΡΟΥΣ FALLOTT (12*210G),Jar,3.000 ,F108 SAUCES & DIPS
F1100077,ΠΙΠΕΡΟΜΕΛΟ ΝΑΟΥΜΙΔΗΣ (260G),Jar,26.000 ,F108 SAUCES & DIPS
F11001536,ΣΑΛΤΣΑ BALSAMICO ΛΕΥΚΟ BELBERRY (6*1L),Bottles,2.000 ,F108 SAUCES & DIPS
F1100235,ΣΑΛΤΣΑ HOT CHILLI SRIRACHA FLYING GOOSE (740ML),Bottles,7.000 ,F108 SAUCES & DIPS
F1100057,ΣΑΛΤΣΑ HP SAUCE (255G),Bottles,7.000 ,F108 SAUCES & DIPS
F1100364,ΣΑΛΤΣΑ SWEET CHILLI COCK (800G),Bottles,12.000 ,F108 SAUCES & DIPS
F11001538,ΣΑΛΤΣΑ VINAIGRETTE ΜΕΛΙ & GINGER BELBERRY (6*1L),Bottles,1.000 ,F108 SAUCES & DIPS
F1100859,ΣΑΛΤΣΑ ΑΓΓΛΙΚΗ WORCESTER HEINZ (150ML),Bottles,7.000 ,F108 SAUCES & DIPS
F1100881,ΣΑΛΤΣΑ ΔΑΜΑΣΚΗΝΟ TKEMALI ΚΟΚΚΙΝΗ GEO (530G),Jar,2.000 ,F108 SAUCES & DIPS
F1100882,ΣΑΛΤΣΑ ΚΑΥΤΕΡΗ ADJIKA CRUZIA (360G),Jar,3.000 ,F108 SAUCES & DIPS
F1100866,ΣΑΛΤΣΑ ΠΕΣΤΟ ΒΑΣΙΛΙΚΟΥ ALLA GENOVESE ITAL PESTO (2.1KG),Jar,1.000 ,F108 SAUCES & DIPS
F1100050,ΡΕΒΥΘΙΑ ΞΕΡΑ ΧΥΜΑ DRYFO,Kilogram,4.300 ,F109 LEGUMES
F11001892,ΡΕΒΥΘΙΑ ΞΕΡΑ ΧΥΜΑ ΖΑΚΟΜΑ,Kilogram,10.000 ,F109 LEGUMES
F11001204,ΡΕΒΥΘΙΑ ΣΕ ΝΕΡΟ ROBO (3KG),CAN,0.500 ,F109 LEGUMES
F1100070,ΦΑΣΟΛΙΑ ΞΕΡΑ ΓΙΓΑΝΤΕΣ DRYFO,Kilogram,4.600 ,F109 LEGUMES
F11001472,ΛΕΥΚΟ ΞΥΔΙ 10Y AMARENA LEONARDI (250ML),Bottles,2.000 ,F110 VINEGAR
F1100693,ΞΥΔΙ BALSAMICO BOTANICO RED SEAL ΚΤΗΜΑ ΛΑΖΑΡΙΔΗ (250ML),Bottles,30.000 ,F110 VINEGAR
F1101074,ΞΥΔΙ BALSAMICO CONDIMENTO BIANCO CARANDINI (500ML),Bottles,34.000 ,F110 VINEGAR
F11001235,ΞΥΔΙ JEREZ PEDRO XIMENEZ (375ML),Bottles,9.000 ,F110 VINEGAR
F1101086,ΞΥΔΙ KALAMANSI LIBELUY (500ML),Bottles,1.000 ,F110 VINEGAR
F1100697,ΞΥΔΙ SHERRY XERES CARBONE BEAUFOR (5L),Container,1.000 ,F110 VINEGAR
F1100043,ΞΥΔΙ ΑΝΑΠΛΗΡΩΜΑ ΚΥΒΟΣ (30*400ML),Bottles,87.000 ,F110 VINEGAR
F11002053,ΞΥΔΙ ΒΑΛΣΑΜΙΚΟ ΛΕΥΚΟ ΜΕ ΣΙΝΑΠΙ LODOVICI (12*250ML),Bottles,2.000 ,F110 VINEGAR
F11001220,ΞΥΔΙ ΚΟΚΚΙΝΟ ΜΕ ΠΕΡΓΑΜΟΝΤΟ BIO LADOLEA (200ML),Bottles,5.000 ,F110 VINEGAR
F11001864,ΞΥΔΙ ΛΕΥΚΟ ARION FOOD (4L),Container,1.000 ,F110 VINEGAR
F1100757,ΞΥΔΙ ΡΥΖΙΟΥ (500ML),Bottles,11.500 ,F110 VINEGAR
F1100332,ΞΥΔΙ ΡΥΖΙΟΥ KOKUMOTSUTSU OTAFUKU (500ML),Bottles,24.000 ,F110 VINEGAR
F1120099,ALL BRAN KELLOGGS (375G),Packet,3.000 ,F112 CEREAL
F1120257,CHOCO BALLS ΧΩΡΙΣ ΓΛΟΥΤΕΝΗ DR SCHAR (250G),Packet,2.000 ,F112 CEREAL
F1120002,CORN FLAKES DRYFO,Kilogram,4.000 ,F112 CEREAL
F1120103,CORN FLAKES KELLOGGS (375G),Packet,9.000 ,F112 CEREAL
F1120065,HONEY RINGS CHEERIOS (18*375G),Packet,15.000 ,F112 CEREAL
F11200537,HONEY RINGS ΔΑΧΤΥΛΙΔΙ ΜΕΛΙ ΧΥΜΑ FARMER,Kilogram,5.000 ,F112 CEREAL
F1120227,PORRIDGE ΒΡΩΜΗ BIOΛΟΓΙΚΟ ΧΩΡΙΣ ΓΛΟΥΤΕΝΗ AMISA (6*325G),Packet,2.000 ,F112 CEREAL
F11200419,ΔΗΜΗΤΡΙΑΚΑ COCO POPS CHOCOS KELLOGG'S (16*550G),Packet,15.000 ,F112 CEREAL
F11200403,ΔΗΜΗΤΡΙΑΚΑ COOKIE CRISP NESTLE (18*375G),Packet,15.000 ,F112 CEREAL
F11200402,ΔΗΜΗΤΡΙΑΚΑ KIT-KAT NESTLE (14*330G),Packet,11.000 ,F112 CEREAL
F11200405,ΔΗΜΗΤΡΙΑΚΑ LION WILD NESTLE (16*400G),Packet,15.000 ,F112 CEREAL
F11200304,ΔΗΜΗΤΡΙΑΚΑ OREO (12*350G),Packet,26.000 ,F112 CEREAL
F1120072,ΔΗΜΗΤΡΙΑΚΑ ΓΚΡΑΝΟΛΑ ΜΕ ΣΟΚΟΛΑΤΑ DRYFO,Kilogram,10.000 ,F112 CEREAL
F1120012,ΔΗΜΗΤΡΙΑΚΑ ΓΚΡΑΝΟΛΑ ΜΕ ΦΡΟΥΤΑ LE PETIT DEJEUNER (1KG),Packet,12.000 ,F112 CEREAL
F11200414,ΔΗΜΗΤΡΙΑΚΑ ΔΑΧΤΥΛΙΔΙ GLUTEN/SUGAR FREE VEGAN FREE DOVES FARM (5*300G),Packet,2.000 ,F112 CEREAL
F1120013,ΔΗΜΗΤΡΙΑΚΑ ΝΙΦΑΔΕΣ ΒΡΩΜΗΣ LE PETIT DEJEUNER (1KG),Packet,29.800 ,F112 CEREAL
F11200413,ΔΗΜΗΤΡΙΑΚΑ ΝΙΦΑΔΕΣ ΚΑΛΑΜΠΟΚΙΟΥ GLUTEN FREE SCHAR (6*250G),Packet,4.000 ,F112 CEREAL
F1120075,ΚΙΝΟΑ ΚΟΚΚΙΝΗ DRYFO,Kilogram,2.000 ,F112 CEREAL
F11200408,ΚΙΝΟΑ ΛΕΥΚΗ DRYFO,Kilogram,1.000 ,F112 CEREAL
F1120077,ΚΙΝΟΑ ΛΕΥΚΗ ΧΥΜΑ DRYFO,Kilogram,3.200 ,F112 CEREAL
F1120076,ΚΙΝΟΑ ΜΑΥΡΗ DRYFO,Kilogram,2.200 ,F112 CEREAL
F1130184,ΛΙΝΑΡΟΣΠΟΡΟΣ DRYFO,Kilogram,3.000 ,F112 CEREAL
F11200409,ΝΙΦΑΔΕΣ ΒΡΩΜΗΣ ΒΙΟ ΧΩΡΙΣ ΓΛΟΥΤΕΝΗ EAT FREE (400G),Packet,2.000 ,F112 CEREAL
F1120174,ΝΙΦΑΔΕΣ ΒΡΩΜΗΣ ΧΥΜΑ,Kilogram,1.000 ,F112 CEREAL
F1120181,ΝΙΦΑΔΕΣ ΜΑΥΡΟΥ ΣΙΤΑΡΙΟΥ (ΓΚΡΕ ΤΣΙΧΑ) SUED ZITNITSA (800G),Packet,17.000 ,F112 CEREAL
F11200264,ΠΛΙΓΟΥΡΙ ΟΙ ΓΟΥΜΕΝΙΣΣΕΣ (500G),Packet,6.500 ,F112 CEREAL
F1120193,ΡΥΖΙ CARNAROLI,Kilogram,1.000 ,F112 CEREAL
F11200588,ΡΥΖΙ CARNAROLI MARTINOTTI,Kilogram,5.000 ,F112 CEREAL
F1120201,ΡΥΖΙ WILD VENERE ΜΑΥΡΟ (1KG),Packet,2.000 ,F112 CEREAL
F11200600,ΡΥΖΙ ΓΙΑ ΣΟΥΣΙ ΧΥΜΑ MISAKO,Kilogram,10.000 ,F112 CEREAL
F11200426,ΡΥΖΙ ΓΛΑΣΣΕ ΑΓΡΟΤΟΠΟΣ (5KG),Sack,8.000 ,F112 CEREAL
F1120028,ΡΥΖΙ ΓΛΑΣΣΕ ΧΥΜΑ,Kilogram,3.000 ,F112 CEREAL
F1120023,ΡΥΖΙ ΜΠΑΣΜΑΤΙ DRYFO,Kilogram,2.000 ,F112 CEREAL
F11200609,ΡΥΖΙ ΜΠΑΣΜΑΤΙ MARTINOTTI,Kilogram,10.000 ,F112 CEREAL
F1120243,ΡΥΖΟΓΚΟΦΡΕΤΕΣ ΧΩΡΙΣ ΑΛΑΤΙ CLEARSPRING (120G),Packet,2.000 ,F112 CEREAL
F11200339,ΡΥΖΟΓΚΟΦΡΕΤΕΣ ΧΩΡΙΣ ΓΛΟΥΤΕΝΗ YOUR ORGANIC NATURE (100G),Packet,6.000 ,F112 CEREAL
F1130017,ΣΟΥΣΑΜΙ ΛΕΥΚΟ DRYFO,Kilogram,3.000 ,F112 CEREAL
F1130034,ΣΟΥΣΑΜΙ ΜΑΥΡΟ DRYFO,Kilogram,1.000 ,F112 CEREAL
F1120066,ΤΣΙΑ ΣΠΟΡΟΙ (CHIA) DRYFO,Kilogram,4.000 ,F112 CEREAL
F1120231,ΦΑΓΟΠΥΡΟ ΚΑΒΟΥΡΔΙΣΜΕΝΟ SABAROT,Kilogram,1.500 ,F112 CEREAL
F11200308,ΦΑΓΟΠΥΡΟ ΨΗΜΕΝΟ SOBACHA (150G),Packet,7.000 ,F112 CEREAL
F1130047,PEANUTS ΦΥΣΤΙΚΟΨΙΧΑ ΑΝΑΛΑΤΗ DRYFO,Kilogram,3.000 ,F113 NUTS
F11300543,PEANUTS ΦΥΣΤΙΚΟΨΙΧΑ ΑΝΑΛΑΤΗ PELLITO,Kilogram,4.000 ,F113 NUTS
F1130110,ΑΜΥΓΔΑΛΟ ΜΕ ΚΕΛΥΦΟΣ DRYFO,Kilogram,5.000 ,F113 NUTS
F1130003,ΑΜΥΓΔΑΛΟ ΣΚΟΝΗ DRYFO,Kilogram,4.000 ,F113 NUTS
F1130004,ΑΜΥΓΔΑΛΟ ΦΙΛΕ ΩΜΟ DRYFO,Kilogram,3.000 ,F113 NUTS
F1130116,ΑΜΥΓΔΑΛΟΨΙΧΑ ΛΕΥΚΗ ΩΜΗ DRYFO,Kilogram,7.000 ,F113 NUTS
F1130006,ΑΜΥΓΔΑΛΟΨΙΧΑ ΩΜΗ DRYFO,Kilogram,2.000 ,F113 NUTS
F1130029,ΗΛΙΟΣΠΟΡΟΣ ΨΙΧΑ DRYFO,Kilogram,9.000 ,F113 NUTS
F1130167,ΙΝΔΟΚΑΡΥΔΟ ΧΥΜΑ ΕΞΩΤΕΡΙΚΟΥ DRYFO,Kilogram,0.400 ,F113 NUTS
F1130171,ΚΑΡΥΔΙΑ ΜΕ ΚΕΛΥΦΟΣ DRYFO,Kilogram,5.000 ,F113 NUTS
F1130012,ΚΑΡΥΔΟΨΙΧΑ ΩΜΗ DRYFO,Kilogram,10.000 ,F113 NUTS
F11300587,ΚΑΣΙΟΥΣ ΩΜΟ ARION FOOD (200G),Kilogram,1.000 ,F113 NUTS
F1130173,ΚΑΣΙΟΥΣ ΩΜΟ DRYFO,Kilogram,10.000 ,F113 NUTS
F1130035,ΚΟΛΟΚΥΘΟΣΠΟΡΟΣ ΨΙΧΑ ΩΜΟΣ DRYFO,Kilogram,4.000 ,F113 NUTS
F1130013,ΚΟΥΚΟΥΝΑΡΙ ΨΙΧΑ DRYFO,Kilogram,1.000 ,F113 NUTS
F1130049,ΦΟΥΝΤΟΥΚΟΨΙΧΑ ΨΗΜΕΝΗ DRYFO,Kilogram,7.000 ,F113 NUTS
F1130019,ΦΟΥΝΤΟΥΚΟΨΙΧΑ ΩΜΗ DRYFO,Kilogram,3.000 ,F113 NUTS
F1130016,ΦΥΣΤΙΚΙ ΑΙΓΙΝΗΣ ΨIΧΑ ΩΜΗ DRYFO,Kilogram,10.000 ,F113 NUTS
F1140118,ΑΓΓΟΥΡΑΚΙ CORNICHONS ΣΕ ΞΥΔΙ ΑΠΟ ΚΡΑΣΙ DEMETRA (1.6KG),CAN,3.000 ,F114 HORTICULTURAL
F1140002,ΑΓΓΟΥΡΑΚΙ ΤΟΥΡΣΙ ΠΛΑΤΩΝ (5KG),Container,2.000 ,F114 HORTICULTURAL
F1140104,ΑΓΚΙΝΑΡΕΣ ΚΑΡΔΙΕΣ 1/2 ΣΕ ΛΑΔΙ GRECI (800G),CAN,4.000 ,F114 HORTICULTURAL
F1140001,ΑΓΚΙΝΑΡΕΣ ΚΑΡΔΙΕΣ ΓΑΙΑ (3KG),CAN,3.000 ,F114 HORTICULTURAL
F11400671,ΕΛΙΕΣ ΚΑΛΑΜΩΝ 121-140ΕΚΠΥΡΗΝΩΜΕΝΕΣ COLOSSAL  ΔΕΑΣ (1.8KG),Kilogram,21.160 ,F114 HORTICULTURAL
F11400673,ΕΛΙΕΣ ΚΑΛΑΜΩΝ 141-160 ΟΛΟΚΛΗΡΕΣ GIANTS ΔΕΑΣ (2KG),Kilogram,12.000 ,F114 HORTICULTURAL
F1140170,ΕΛΙΕΣ ΚΑΛΑΜΩΝ 230-260 ΕΚΠΥΡΗΝΟΜΕΝΕΣ LARGE  ΔΕΑΣ (1.8KG),Kilogram,10.800 ,F114 HORTICULTURAL
F1140171,ΕΛΙΕΣ ΚΑΛΑΜΩΝ 290-320 ΡΟΔΕΛΕΣ BRILLIAND  ΔΕΑΣ (1.8KG),Kilogram,10.800 ,F114 HORTICULTURAL
F11400672,ΕΛΙΕΣ ΚΑΛΑΜΩΝ 70-90 ΡΟΔΕΛΕΣ S.S.MAMMOTH ΔΕΑΣ (1.8KG),Kilogram,3.600 ,F114 HORTICULTURAL
F11401165,ΕΛΙΕΣ ΚΑΛΑΜΩΝ ΕΚΠΥΡΗΝΩΜΕΝΕΣ ΧΕΝΙΑ (280G),Jar,6.000 ,F114 HORTICULTURAL
F11400678,ΕΛΙΕΣ ΠΡΑΣΙΝΕΣ 101-110 MAMMOTH ΟΛΟΚΛΗΡΕΣ ΔΕΑΣ (2KG),Kilogram,12.000 ,F114 HORTICULTURAL
F11400677,ΕΛΙΕΣ ΠΡΑΣΙΝΕΣ 111-120 COLOSSAL ΟΛΟΚΛΗΡΕΣ ΔΕΑΣ (2KG),Kilogram,12.000 ,F114 HORTICULTURAL
F11400676,ΕΛΙΕΣ ΠΡΑΣΙΝΕΣ ΓΕΜΙΣΤΕΣ ΜΕ ΑΓΓΟΥΡΙ S.S.MAMMOTH 70/90 ΔΕΑΣ (1.8KG),Kilogram,10.800 ,F114 HORTICULTURAL
F11400674,ΕΛΙΕΣ ΠΡΑΣΙΝΕΣ ΓΕΜΙΣΤΕΣ ΜΕ ΑΜΥΓΔΑΛΟ S.S.MAMMOTH 70/90 ΔΕΑΣ (1.8KG),Kilogram,10.800 ,F114 HORTICULTURAL
F11400675,ΕΛΙΕΣ ΠΡΑΣΙΝΕΣ ΓΕΜΙΣΤΕΣ ΜΕ ΚΟΚΚΙΝΗ ΠΙΠΕΡΙΑ S.S.Mammoth 70/90 ΔΕΑΣ (1.8KG),Kilogram,10.800 ,F114 HORTICULTURAL
F11400571,ΕΛΙΕΣ ΠΡΑΣΙΝΕΣ ΓΕΜΙΣΤΕΣ ΜΕ ΠΙΠΕΡΙΑ PAPASTERGIOU,Kilogram,0.300 ,F114 HORTICULTURAL
F11400679,ΕΛΙΕΣ ΠΡΑΣΙΝΕΣ ΕΚΠΥΡΗΝΩΜΕΝΕΣ S.COLOSSAL 111/120 ΔΕΑΣ (1.8KG),Kilogram,10.800 ,F114 HORTICULTURAL
F11400680,ΕΛΙΕΣ ΠΡΑΣΙΝΕΣ ΡΟΔΕΛΕΣ S.S.MAMMOTH 70/90 ΔΕΑΣ (1.8KG),Kilogram,1.800 ,F114 HORTICULTURAL
F1140172,ΕΛΙΕΣ ΠΡΑΣΙΝΕΣ ΡΟΔΕΛΕΣ SUPERIOR 260/290 ΔΕΑΣ (1.8KG),Kilogram,10.800 ,F114 HORTICULTURAL
F11400948,ΚΑΛΑΜΠΟΚΙ ΣΠΥΡΙ ΚΟΝΣΕΡΒΑ DELI (3KG),CAN,6.000 ,F114 HORTICULTURAL
F11400951,ΚΑΛΑΜΠΟΚΙ ΣΠΥΡΙ ΚΟΝΣΕΡΒΑ ΓΑΙΑ (3KG),CAN,2.000 ,F114 HORTICULTURAL
F11400517,ΚΑΠΑΡΗ ΜΕ ΚΟΤΣΑΝΙ ΓΑΙΑ (1KG),Jar,2.000 ,F114 HORTICULTURAL
F1140224,ΚΑΠΑΡΗ ΜΕ ΚΟΤΣΑΝΙ ΣΕ ΞΥΔΙ ΑΠΟ ΚΡΑΣΙ DEMETRA (1.6KG),Jar,2.000 ,F114 HORTICULTURAL
F1140010,ΚΑΠΑΡΗ ΣΕ ΔΟΧΕΙΟ ΠΛΑΤΩΝ (3KG),Container,12.000 ,F114 HORTICULTURAL
F11401122,ΚΑΠΑΡΟΦΥΛΛΑ ΤΗΝΟΥ ΕΑΣ ΤΗΝΟΥ (720G),Jar,6.000 ,F114 HORTICULTURAL
F11400645,ΚΡΕΜΑ ΠΟΡΤΣΙΝΙ NOVA (780G),Piece,2.000 ,F114 HORTICULTURAL
F1140463,ΚΡΙΤΑΜΟ ΣΕ ΑΛΜΗ IKONOMOUDI (950G),Jar,6.000 ,F114 HORTICULTURAL
F1140281,ΜΑΝΙΤΑΡΙΑ MORILLES ΚΤΨ FOREST GARDEN,Kilogram,2.000 ,F114 HORTICULTURAL
F11400984,ΞΥΔΙ BALSAMICO ΚΡΕΜΑ ΛΕΥΚΟ CARANDINI (500ML),Bottles,6.000 ,F114 HORTICULTURAL
F1140070,ΠΑΝΤΖΑΡΙΑ ΠΡΟΒΡΑΣΜΕΝΑ VACUUM FARMER (500G),Packet,12.000 ,F114 HORTICULTURAL
F11401177,ΠΕΣΤΟ ΒΑΣΙΛΙΚΟΥ VEGAN NOVA (6*580ML),Jar,5.000 ,F114 HORTICULTURAL
F1140355,ΠΙΠΕΡΙΕΣ ΑΠΟΦΛΟΙΩΜΕΝΕΣ PIQUILLO DEMETRA (620G),Jar,3.000 ,F114 HORTICULTURAL
F1140020,ΠΙΠΕΡΙΕΣ ΦΛΩΡΙΝΗΣ ΚΟΝΣΕΡΒΑ (5KG),CAN,3.000 ,F114 HORTICULTURAL
F1140401,ΤΟΜΑΤΑ SAN MARZALO (2.55KG),CAN,4.000 ,F114 HORTICULTURAL
F11401017,ΤΟΜΑΤΑ SAN MARZANO SOLANIA (2.55KG),CAN,18.000 ,F114 HORTICULTURAL
F1140093,ΤΟΜΑΤΑ ΠΟΛΠΑ GRECI (4.05KG),CAN,39.000 ,F114 HORTICULTURAL
F11400663,ΤΟΜΑΤΑ ΠΟΛΠΑ ΑΣΚΟΣ GRECI (2*5KG),Container,2.000 ,F114 HORTICULTURAL
F11401153,ΤΟΜΑΤΟΠΟΛΤΟΣ ΔΙΠΛΗΣ ΣΥΜΠΥΚΝΩΣΗΣ RODOLFI (2.75KG),CAN,6.000 ,F114 HORTICULTURAL
F1110031,ΤΡΟΥΦΑ ΤΡΙΜΜΕΝΗ  ΣΕ ΕΞΤΡΑ ΠΑΡΘΕΝΟ ΕΛΑΙΟΛΑΔΟ FOREST GARDEN (500G),Jar,3.000 ,F114 HORTICULTURAL
F11400670,ΦΑΣΟΛΙΑ BAKED BEANS ΚΟΝΣΕΡΒΑ LORD BYRON (2.62KG),CAN,6.000 ,F114 HORTICULTURAL
F11600291,ΚΗΡΗΘΡΑ ΑΝΘΕΩΝ ΙΒΗΡΩΝ,Kilogram,18.000 ,F116 HONEY
F1160030,ΜΕΛΙ ΑΝΘΕΩΝ ΧΑΛΚΙΔΙΚΗΣ ΓΕΩΡΓΑΚΑ (4.4KG),Container,3.000 ,F116 HONEY
F11600443,ΜΕΛΙ ΘΥΜΑΡΙΣΙΟ ΧΥΜΑ ΝΟΜΕΣ ΚΕΡΚΙΝΗΣ,Kilogram,20.000 ,F116 HONEY
F1160026,ΜΕΛΙ ΠΕΥΚΟΥ ΧΑΛΚΙΔΙΚΗΣ ΓΕΩΡΓΑΚΑ (4.4KG),Container,10.000 ,F116 HONEY
F11700866,FURIKAKE CRUMBLE  JORDA (200G),Container,2.000 ,F117 SPICES
F1170461,SEASON PEPPER HARISSA VERSTEGEN (270G),Bottles,3.000 ,F117 SPICES
F1170488,SEASON PEPPER ΦΥΚΙΑ ΛΕΜΟΝΙ VERSTEGEN (145G),Bottles,1.000 ,F117 SPICES
F1170525,SPICE MIX DEL MONDO MEDINA VERSTEGEN (385G),Bottles,1.640 ,F117 SPICES
F11701049,TONKA ΣΠΟΡΟΙ EUROVANILLE (200G),Packet,1.000 ,F117 SPICES
F11700840,VADOUVAN VERSTEGEN (160G),Container,1.000 ,F117 SPICES
F1100410,ΑΛΑΤΙ ΒΡΑΧΩΝ ΚΥΘΗΡΩΝ KALIMERA PRODUCTS (250G),Packet,8.000 ,F117 SPICES
F1100406,ΑΛΑΤΙ ΝΙΦΑΔΕΣ MALDON (1.4ΚG),Container,2.700 ,F117 SPICES
F1100440,ΑΛΑΤΙ ΨΙΛΟ ΚΟΥΒΑΣ ΚΑΛΑΣ (12.5KG),Container,11.000 ,F117 SPICES
F11701186,ΓΛΥΚΟΡΙΖΑ ΣΕ ΣΚΟΝΗ ΑΧΛΑΔΙΩΤΗΣ,Kilogram,0.500 ,F117 SPICES
F1170009,ΔΑΦΝΗ ΦΥΛΛΑ DRYFO,Kilogram,0.700 ,F117 SPICES
F11700917,ΔΑΦΝΗ ΦΥΛΛΑ PROVIL (500G),Container,1.000 ,F117 SPICES
F1100036,ΖΩΜΟΣ ΣΑΦΡΑΝ ΣΕ ΣΚΟΝΗ PROVIL,Kilogram,3.000 ,F117 SPICES
F11700872,ΚΑΝΕΛΑ ΣΚΟΝΗ PROVIL (500G),CAN,1.600 ,F117 SPICES
F1170539,ΚΑΡΥ ΚΙΤΡΙΝΟ MADRAS TERRE EXOTIQUE (530G),Bottles,1.320 ,F117 SPICES
F11700653,ΚΟΛΙΑΝΔΡΟΣ ΣΚΟΝΗ PROVIL (350G),CAN,3.000 ,F117 SPICES
F11700658,ΚΟΛΙΑΝΔΡΟΣ ΣΠΥΡΙ PROVIL (350G),CAN,0.140 ,F117 SPICES
F11700654,ΚΟΥΡΚΟΥΜΑΣ ΣΚΟΝΗ PROVIL (450G),CAN,0.660 ,F117 SPICES
F1170058,ΚΡΕΜΜΥΔΙ ΣΚΟΝΗ PROVIL (1KG),Packet,1.000 ,F117 SPICES
F11700663,ΜΑΡΑΘΟΣ ΑΠΟΞΗΡΑΜΕΝΟΣ PROVIL (300G),CAN,0.260 ,F117 SPICES
F1170024,ΜΠΟΥΚΟΒΟ ΚΑΥΤΕΡΟ DRYFO,Kilogram,1.000 ,F117 SPICES
F1170026,ΠΑΠΑΡΟΥΝΑ ΣΠΟΡΟΙ DRYFO,Kilogram,0.700 ,F117 SPICES
F11700858,ΠΑΠΑΡΟΥΝΑ ΣΠΟΡΟΙ PROVIL,Kilogram,1.000 ,F117 SPICES
F1170333,ΠΑΠΡΙΚΑ ΚΑΠΝΙΣΤΗ ΑΠΟΣΤΟΛΟΥ (500G),Packet,2.200 ,F117 SPICES
F11700873,ΠΙΠΕΡΙ ΑΣΠΡΟ ΣΚΟΝΗ PROVIL (1KG),Packet,2.000 ,F117 SPICES
F1170493,ΠΙΠΕΡΙ ΜΑΥΡΟ LAMPONG ΣΠΑΣΜΕΝΟ (575G),Packet,0.170 ,F117 SPICES
F11700711,ΠΙΠΕΡΙ ΜΑΥΡΟ TIMUR/TIMUT ΝΕΠΑΛ ΟΛΟΚΛΗΡΟ (50G),Packet,1.000 ,F117 SPICES
F1170032,ΠΙΠΕΡΙ ΜΑΥΡΟ ΟΛΟΚΛΗΡΟ DRYFO,Kilogram,0.800 ,F117 SPICES
F11700874,ΠΙΠΕΡΙ ΜΑΥΡΟ ΟΛΟΚΛΗΡΟ PROVIL (1KG),Packet,1.000 ,F117 SPICES
F11700832,ΠΟΥΔΡΑ PORCHINI (450G),Packet,2.000 ,F117 SPICES
F11700659,ΡΙΓΑΝΗ ΑΠΟΞΗΡΑΜΕΝΗ PROVIL (500G),CAN,4.000 ,F117 SPICES
F1170316,ΣΑΦΡΑΝ ΚΡΟΚΟΣ ΣΤΥΜΩΝΑΣ PROVIL (5G),Packet,4.000 ,F117 SPICES
F1170035,ΣΑΦΡΑΝ ΣΚΟΝΗ PROVIL (5G),Jar,5.000 ,F117 SPICES
F1170476,ΣΙΝΑΠΙ ΚΙΤΡΙΝΟ ΟΛΟΚΛΗΡΟ (715G),Bottles,0.380 ,F117 SPICES
F1170131,ΣΙΝΑΠΙ ΣΠΟΡΟΣ PROVIL (750G),Container,2.000 ,F117 SPICES
F1170049,ΣΚΟΡΔΟ ΣΚΟΝΗ PROVIL (1KG),Kilogram,1.000 ,F117 SPICES
F1170036,ΣΟΔΑ ΜΑΓΕΙΡΙΚΗΣ DRYFO,Kilogram,1.200 ,F117 SPICES
F11701147,ΣΟΥΣΑΜΙ 7 ΕΙΔΗ TERRE EXOTIQUE (500G),Packet,1.000 ,F117 SPICES
F1170052,ΤΑΝΤΟΥΡΙ SEASONING PROVIL (1KG),Kilogram,1.000 ,F117 SPICES
F13100982,CRACKERS ΑΛΑΤΙΣΜΕΝΑ DELSER (500G),Packet,20.000 ,F118 CHIPS & SNACKS
F13100990,CRACKERS ΜΕ ΓΕΥΣΗ ΝΤΟΜΑΤΑ ΒΑΣΙΛΙΚΟ ELITE (3*105G),Packet,14.000 ,F118 CHIPS & SNACKS
F13101105,CREAM CRACKERS ΠΟΛΥΣΠΟΡΑ ΠΑΠΑΔΟΠΟΥΛΟΥ (195G),Packet,15.000 ,F118 CHIPS & SNACKS
F11800146,CREAM CRACKERS ΣΙΚΑΛΗΣ ΠΑΠΑΔΟΠΟΥΛΟΥ (175G),Packet,15.000 ,F118 CHIPS & SNACKS
F1830017,DASHI NOMOTO YAMAKI (MISO SOUPE),Kilogram,0.730 ,F119 ASIAN DRY FOOD
F1140481,HOT PEPPER PASTE GOCHUJANG SEMPIO (500G),Container,1.000 ,F119 ASIAN DRY FOOD
F11900268,NOODLES QUICK COOKING EGG 30ΠΑΚ LONGLIFE (500G),Packet,30.000 ,F119 ASIAN DRY FOOD
F11900820,SEA GRAPES NISHIKIDORI (100G),Packet,1.000 ,F119 ASIAN DRY FOOD
F11900356,SUSHI RICE (ΡΥΖΙ ΓΙΑ ΣΟΥΣΙ) PREMIUM KOSHI YUTAKA (4*5KG),Packet,1.000 ,F119 ASIAN DRY FOOD
F1100397,WASABI ΣΚΟΝΗ GLOBE GOURMET (1ΚG),Packet,0.420 ,F119 ASIAN DRY FOOD
F11900856,WHITE MISO PASTE NISHIKIDORI (500G),Packet,2.000 ,F119 ASIAN DRY FOOD
F11900302,YUZU KOSHO KINJIRUSHI (90G),Packet,2.000 ,F119 ASIAN DRY FOOD
F1190003,ΑΠΟΞΗΡΑΜΕΝΑ ΦΥΚΙΑ (DRIED FUERU WAKAME SEAWEED) GLOBE GOURMET (1KG),Packet,1.000 ,F119 ASIAN DRY FOOD
F1190089,ΑΠΟΞΗΡΑΜΕΝΑ ΦΥΚΙΑ (DRIED FUERU WAKAME SEAWEED) YUTAKA (500G),Packet,1.500 ,F119 ASIAN DRY FOOD
F11900564,ΝΙΦΑΔΕΣ ΑΠΟΞΗΡΑΜΕΝΗΣ ΠΑΛΑΜΙΔΑΣ (BONITO FLAKES KATSUOBUSHI) WADAKYU (500G),Packet,1.000 ,F119 ASIAN DRY FOOD
F11900822,ΣΑΛΤΣΑ CREAMY SHOYU - WASABI SAUCE 3 YEARS AGED NISHIKIDORI (900ML),Bottles,1.000 ,F119 ASIAN DRY FOOD
F11900823,ΣΑΛΤΣΑ JAPANESE SESAME DRESSING NISHIKIDORI (1L),Bottles,2.000 ,F119 ASIAN DRY FOOD
F11900824,ΣΑΛΤΣΑ JAPANESE SHOCHU BBQ SAUCE NISHIKIDORI (1L),Bottles,2.000 ,F119 ASIAN DRY FOOD
F11900825,ΣΑΛΤΣΑ YUZU - WASABI VINAIGRETTE NISHIKIDORI (1L),Bottles,2.000 ,F119 ASIAN DRY FOOD
F11900826,ΣΑΛΤΣΑ ΛΕΥΚΗ SHOYU NISHIKIDORI (1.8L),Bottles,1.000 ,F119 ASIAN DRY FOOD
F1190182,ΣΑΛΤΣΑ ΣΟΓΙΑΣ (SOY SAUCE) KIKKOMAN (1L),Liter,6.000 ,F119 ASIAN DRY FOOD
F11900827,ΣΑΛΤΣΑ ΣΟΓΙΑΣ PONZU WITH 25% YUZU NISHIKIDORI (1.8L),Bottles,1.000 ,F119 ASIAN DRY FOOD
F11900335,ΣΑΛΤΣΑ ΣΟΓΙΑΣ ΜΑΝΙΤΑΡΙΟΥ HEALTHY BOY (700ML),Bottles,1.710 ,F119 ASIAN DRY FOOD
F1190040,ΣΑΛΤΣΑ ΨΑΡΙΟΥ (FISH SAUCE) (750ML),Bottles,1.000 ,F119 ASIAN DRY FOOD
F1190039,ΣΤΡΕΙΔΙΩΝ ΣΑΛΤΣΑ (OYSTER SAUCE) (2263G),Bottles,1.000 ,F119 ASIAN DRY FOOD
F1190191,ΤΑΠΙΟΚΑ ΠΕΡΛΕΣ ΜΙΚΡΕΣ (TAPIOCA PEARLS SMALL) GOLDEN CHEF (400G),Packet,4.000 ,F119 ASIAN DRY FOOD
F1190124,ΤΟΥΡΣΙ ΤΖΙΝΤΖΕΡ ΡΟΖ (GARI PINK) (1KG),Container,2.000 ,F119 ASIAN DRY FOOD
F1190229,ΦΥΚΙΑ (SUSHI NORI ARIAKE) TAKAOKAYA (125G),Packet,1.000 ,F119 ASIAN DRY FOOD
F1190022,ΦΥΚΙΑ (SUSHI NORI) ASIANA (125G),Packet,1.000 ,F119 ASIAN DRY FOOD
F11900835,ΦΥΚΙΑ NORI ΚΥΠΕΛΟ NISHIKIDORI (24 ΤΕΜ),Packet,4.000 ,F119 ASIAN DRY FOOD
F1200099,KATAKURIKO KAWAMITSU (400G),Packet,2.000 ,F120 FLOUR
F1400173,PANKO ENSO (1KG),Packet,22.500 ,F120 FLOUR
F12000353,ΑΛΕΥΡΙ 00 AGUGIARO & FIGNA (1KG),Kilogram,11.000 ,F120 FLOUR
F1200020,ΑΛΕΥΡΙ TEMPURA (1KG),Packet,3.000 ,F120 FLOUR
F12000350,ΑΛΕΥΡΙ TEMPURA OBENTO (1KG),Packet,20.000 ,F120 FLOUR
F1200163,ΑΛΕΥΡΙ ΒΡΩΜΗΣ ΒΙΟΑΓΡΟΣ,Kilogram,33.000 ,F120 FLOUR
F1200075,ΑΛΕΥΡΙ ΓΙΑ ΟΛΕΣ ΤΙΣ ΧΡΗΣΕΙΣ (1KG),Packet,2.000 ,F120 FLOUR
F12000374,ΑΛΕΥΡΙ ΓΙΑ ΟΛΕΣ ΤΙΣ ΧΡΗΣΕΙΣ ΧΩΡΙΣ ΓΛΟΥΤΕΝΗ ΜΥΛΟΙ ΑΓΙΟΥ ΓΕΩΡΓΙΟΥ (1KG),Kilogram,3.000 ,F120 FLOUR
F12000383,ΑΛΕΥΡΙ ΚΑΛΑΜΠΟΚΙΟΥ ΧΥΜΑ ΑΛΛΑΤΙΝΗ,Kilogram,25.000 ,F120 FLOUR
F1200101,ΑΛΕΥΡΙ ΜΙΧ SPECIAL ΔΥΝΑΤΟ ARCTIC,Kilogram,146.880 ,F120 FLOUR
F12000448,ΑΛΕΥΡΙ ΡΕΒΥΘΙΟΥ ΒΙΟΑΓΡΟΣ,Kilogram,3.500 ,F120 FLOUR
F1200027,ΑΜΥΛΟ ΑΡΑΒΟΣΙΤΟΥ ΝΙΣΕΣΤΕΣ DRYFO,Kilogram,4.520 ,F120 FLOUR
F12000193,ΑΜΥΛΟ ΠΑΤΑΤΑΣ ΒΙΟΛΟΓΙΚΟ ΒΙΟΑΓΡΟΣ (350G),Packet,1.000 ,F120 FLOUR
F1200160,ΑΜΥΛΟ ΠΑΤΑΤΑΣ ΓΕΩΜΥΛΩΝ ΠΑΠΑΔΗΜΗΤΡΙΟΥ,Kilogram,1.000 ,F120 FLOUR
F12000429,ΚΟΡΝ ΦΛΑΟΥΕΡ DRYFO,Kilogram,4.000 ,F120 FLOUR
F1200007,ΠΟΛΕΝΤΑ ΚΑΛΑΜΠΟΚΑΛΕΥΡΟ,Kilogram,0.850 ,F120 FLOUR
F12000416,ΠΟΛΕΝΤΑ ΚΑΛΑΜΠΟΚΑΛΕΥΡΟ DIVELLA,Kilogram,16.000 ,F120 FLOUR
F1200008,ΣΙΜΙΓΔΑΛΙ ΨΙΛΟ ΑΛΑΤΙΝΙ,Kilogram,13.000 ,F120 FLOUR
F12100600,ΖΥΜΑΡΙΚΑ GAROFALO FUSILLI LUNGHI (20*500G),Packet,13.000 ,F121 PASTA
F12100601,ΖΥΜΑΡΙΚΑ GAROFALO MAFALDE (20*500G),Packet,6.000 ,F121 PASTA
F12100603,ΖΥΜΑΡΙΚΑ GAROFALO SPAGHETTI CHITARRA (20*500G),Packet,4.000 ,F121 PASTA
F1210201,ΖΥΜΑΡΙΚΑ LUNGHE No8 CANDELE (500G),Packet,10.000 ,F121 PASTA
F12100689,ΖΥΜΑΡΙΚΑ PACCHERI NO 111 RUMMO (12*500G),Kilogram,12.000 ,F121 PASTA
F12100687,ΖΥΜΑΡΙΚΑ SPAGHETTONI QUADRATI MANCINI (6*1KG),Packet,6.000 ,F121 PASTA
F12100595,ΖΥΜΑΡΙΚΑ ΒΙΔΕΣ ΦΡΕΣΚΩΝ ΛΑΧΑΝΙΚΩΝ MAMA IRENE (400G),Packet,3.000 ,F121 PASTA
F12100597,ΖΥΜΑΡΙΚΑ ΚΟΥΣ ΚΟΥΣ ΦΟΥΡΝΙΣΤΑ MAMA IRENE (5KG),Kilogram,1.000 ,F121 PASTA
F1210002,ΖΥΜΑΡΙΚΑ ΛΙΓΚΟΥΙΝΙ No13 BARILLA,Kilogram,90.000 ,F121 PASTA
F1210307,ΖΥΜΑΡΙΚΑ ΠΕΝΝΕΣ ΑΠΟ ΑΝΑΠΟΦΛΟΙΩΤΟ ΡΥΖΙ ΒΙΟΛΟΓΙΚΑ ΧΩΡΙΣ ΓΛΟΥΤΕΝΗ FELICIA (250G),Packet,6.000 ,F121 PASTA
F1210025,ΖΥΜΑΡΙΚΑ ΠΕΝΝΕΣ ΡΙΓΕ BARILLA,Kilogram,60.000 ,F121 PASTA
F1210031,ΖΥΜΑΡΙΚΑ ΣΠΑΓΓΕΤΙ No5 BARILLA,Kilogram,65.000 ,F121 PASTA
F1210045,ΖΥΜΑΡΙΚΑ ΣΠΑΓΓΕΤΙ ΟΛΙΚΗΣ GAROFALO (500G),Packet,11.000 ,F121 PASTA
F1210234,ΖΥΜΑΡΙΚΑ ΣΠΑΓΓΕΤΙ ΣΚΟΥΡΟΥ ΡΥΖΙΟΥ ΟΛΙΚΗΣ ΧΩΡΙΣ ΓΛΟΥΤΕΝΗ FELICIA (500G),Packet,6.000 ,F121 PASTA
F12100596,ΖΥΜΑΡΙΚΑ ΤΑΛΙΑΤΕΛΕΣ ΜΕ ΑΓΡΙΟ ΜΑΝΙΤΑΡΙ MAMA IRENE (400G),Packet,4.000 ,F121 PASTA
F12100594,ΖΥΜΑΡΙΚΑ ΤΑΛΙΑΤΕΛΕΣ ΦΡΕΣΚΩΝ ΛΑΧΑΝΙΚΩΝ MAMA IRENE (400G),Packet,5.000 ,F121 PASTA
F11300415,TIMUR BERRY TERRE EXOTIQUE (500G),Packet,1.000 ,F122 DRIED FRUITS
F1130008,ΑΠΟΞΗΡΑΜΕΝΑ ΔΑΜΑΣΚΗΝΑ ΑΠΥΡΗΝΑ DRYFO,Kilogram,5.000 ,F122 DRIED FRUITS
F1130046,ΑΠΟΞΗΡΑΜΕΝΑ ΚΡΑΝΜΠΕΡΙ DRYFO,Kilogram,3.000 ,F122 DRIED FRUITS
F1130129,ΑΠΟΞΗΡΑΜΕΝΑ ΜΑΝΓΚΟ DRYFO,Kilogram,5.000 ,F122 DRIED FRUITS
F1130010,ΑΠΟΞΗΡΑΜΕΝΗ ΜΠΑΝΑΝΑ ΤΣΙΠΣ DRYFO,Kilogram,1.500 ,F122 DRIED FRUITS
F1130038,ΑΠΟΞΗΡΑΜΕΝΗ ΠΑΠΑΓΙΑ ΛΟΓΧΗ DRYFO,Kilogram,5.000 ,F122 DRIED FRUITS
F1130133,ΑΠΟΞΗΡΑΜΕΝΗ ΦΡΑΟΥΛΑ DRYFO,Kilogram,2.000 ,F122 DRIED FRUITS
F1130134,ΑΠΟΞΗΡΑΜΕΝΟ ΓΚΟΤΖΙ ΜΠΕΡΙ DRYFO,Kilogram,1.000 ,F122 DRIED FRUITS
F1130135,ΑΠΟΞΗΡΑΜΕΝΟ ΙΠΠΟΦΑΕΣ DRYFO,Kilogram,0.100 ,F122 DRIED FRUITS
F1130264,ΑΠΟΞΗΡΑΜΕΝΟ ΚΙΤΡΟ DRYFO,Kilogram,4.000 ,F122 DRIED FRUITS
F1130142,ΑΠΟΞΗΡΑΜΕΝΟΙ ΧΟΥΡΜΑΔΕΣ ΑΠΥΡΗΝΟΙ DRYFO,Kilogram,0.400 ,F122 DRIED FRUITS
F1130143,ΑΠΟΞΗΡΑΜΕΝΟΙ ΧΟΥΡΜΑΔΕΣ ΓΙΓΑΣ DRYFO,Kilogram,20.000 ,F122 DRIED FRUITS
F1130043,ΑΠΟΞΗΡΑΜΕΝΟΣ ΑΝΑΝΑΣ ΡΟΔΕΛΑ DRYFO,Kilogram,2.500 ,F122 DRIED FRUITS
F11300620,ΒΕΡΥΚΟΚΑ ΑΠΟΞΗΡΑΜΕΝΑ ΝΟ 1 DRYFO (1KG),Packet,5.000 ,F122 DRIED FRUITS
F1130185,ΜΑΚΑΝΤΑΜΙΑ ΩΜΗ DRYFO,Kilogram,4.000 ,F122 DRIED FRUITS
F1130222,ΣΤΑΦΙΔΑ ΜΑΥΡΗ DRYFO,Kilogram,1.800 ,F122 DRIED FRUITS
F1130018,ΣΤΑΦΙΔΑ ΞΑΝΘΗ ΧΥΜΑ DRYFO,Kilogram,2.000 ,F122 DRIED FRUITS
F11300627,ΣΥΚΑ ΞΕΡΑ ΦΥΣΙΚΑ ΣΕ ΣΕΙΡΑ ΤΟΥΡΚΙΑΣ ΧΑΡΤΟΚΟΥΤΟ (5KG) DRYFO,Kilogram,5.000 ,F122 DRIED FRUITS
F1300738,ABSOLUT NAPPAGE CRYSTAL NEUTRE VALHRONA (5KG),Kilogram,5.000 ,F130 CONFECTIONERY & BAKING INGREDIENTS
F1300109,DELIPASTE SNACKOLOSO SPECULOOS FABBRI (4.2KG),Container,1.000 ,F130 CONFECTIONERY & BAKING INGREDIENTS
F1300774,DELIPASTE ΚΑΡΥΔΑ FABBRI (1.35KG),Container,1.000 ,F130 CONFECTIONERY & BAKING INGREDIENTS
F1300104,DELIPASTE ΦΥΣΤΙΚΙ (1.5KG),Container,1.000 ,F130 CONFECTIONERY & BAKING INGREDIENTS
F1300896,GIANDUJA LAIT 36% BLOCK IRCA (3KG),Kilogram,1.000 ,F130 CONFECTIONERY & BAKING INGREDIENTS
F13003195,GIANDUJA LAIT 36% VALRHONA (3KG),Kilogram,6.000 ,F130 CONFECTIONERY & BAKING INGREDIENTS
F1300636,GRUE DE CACAO VALHRONA (1KG),Kilogram,2.400 ,F130 CONFECTIONERY & BAKING INGREDIENTS
F13004235,MARSHMALLOWS GOLF ΔΙΑΦΟΡΑ BULGARI (900G),Packet,1.000 ,F130 CONFECTIONERY & BAKING INGREDIENTS
F13004236,MARSHMALLOWS ΚΙΜΩΛΙΕΣ ΠΟΛΥΧΡΩΜΕΣ ΜΙΚΡΕΣ BULGARI (900G),Packet,1.000 ,F130 CONFECTIONERY & BAKING INGREDIENTS
F13001786,NOUGASEC LOUIS FRANCOIS (1KG),Container,1.700 ,F130 CONFECTIONERY & BAKING INGREDIENTS
F13001718,SOSA ΧΡΩΜΑ ΛΕΥΚΟ ΔΙΟΞΕΙΔΙΟ ΤΙΤΑΝΙΟΥ ΣΚΟΝΗ (250G),Container,1.000 ,F130 CONFECTIONERY & BAKING INGREDIENTS
F13003205,TOUFOOD ΣΥΛΛΕΚΤΗΣ ΥΓΡΑΣΙΑΣ,Container,1.000 ,F130 CONFECTIONERY & BAKING INGREDIENTS
F11700753,TRISOL SOC CHEF (2KG),Container,1.000 ,F130 CONFECTIONERY & BAKING INGREDIENTS
F1110332,ΑΓΑΡ-ΑΓΑΡ TOUFOOD (100G),Packet,0.800 ,F130 CONFECTIONERY & BAKING INGREDIENTS
F1300506,ΑΜΥΓΔΑΛΟ ΚΡΟΚΑΝ DRYFO,Kilogram,0.500 ,F130 CONFECTIONERY & BAKING INGREDIENTS
F13003217,ΑΜΥΓΔΑΛΟ ΚΡΟΚΑΝ ΓΙΑΝΝΙΚΑΣ,Kilogram,3.000 ,F130 CONFECTIONERY & BAKING INGREDIENTS
F1300352,ΑΜΥΓΔΑΛΟΠΑΣΤΑ 50% ΜΑΡΤΣΙΠΑΝ 50%,Kilogram,5.000 ,F130 CONFECTIONERY & BAKING INGREDIENTS
F1300687,ΑΡΩΜΑ ΚΑΠΝΟΥSOSA (50G),Bottles,0.900 ,F130 CONFECTIONERY & BAKING INGREDIENTS
F13002593,ΑΡΩΜΑ ΚΑΡΥΔΑ MALLARD FERRIERE (125ML),Bottles,0.400 ,F130 CONFECTIONERY & BAKING INGREDIENTS
F11700842,ΑΣΚΟΡΒΙΚΟ ΟΞΥ TOUFOOD (800G),Container,0.800 ,F130 CONFECTIONERY & BAKING INGREDIENTS
F13001462,ΒΑΝΙΛΙΑ ΣΠΟΡΟΙ CAVIANI PROVA GOURMET (100G),Jar,1.000 ,F130 CONFECTIONERY & BAKING INGREDIENTS
F1170124,ΒΑΝΙΛΙΑ ΦΡΕΣΚΙΑ ΦΥΣΙΚΗ STICKS ΛΟΒΟΣ 14/18CM TAHITENSIS ΤΑΙΤΗΣ EUROVANILLE (250G),Packet,1.000 ,F130 CONFECTIONERY & BAKING INGREDIENTS
F1300083,ΒΑΝΙΛΙΑ ΦΡΕΣΚΙΑ ΦΥΣΙΚΗ STICKS ΛΟΒΟΣ 17/18CM SCHAR (250G),Packet,0.500 ,F130 CONFECTIONERY & BAKING INGREDIENTS
F13003231,ΒΑΝΙΛΙΑ ΦΥΣΙΚΗ STICKS ΛΟΒΟΣ ΜΑΔΑΓΑΣΚΑΡΗΣ PROVA GOURMET (125G),Packet,4.000 ,F130 CONFECTIONERY & BAKING INGREDIENTS
F13003236,ΒΑΤΟΜΟΥΡΟ ΛΥΟΦΙΛΟΠΟΙΗΜΕΝΟ ΣΕ ΚΟΜΜΑΤΑΚΙΑ BRIX (500G),Container,1.000 ,F130 CONFECTIONERY & BAKING INGREDIENTS
F13001510,ΒΟΥΤΥΡΟ ΚΑΚΑΟ ΣΤΑΓΟΝΕΣ LUBECA CHOCOA LUX (2KG),Kilogram,3.000 ,F130 CONFECTIONERY & BAKING INGREDIENTS
F1300905,ΒΡΩΣΙΜΑ ΛΟΥΛΟΥΔΙΑ ΑΝΘΗ CORNFLOWER BLUE OLYMPUS FIELDS (3.5G),Jar,2.000 ,F130 CONFECTIONERY & BAKING INGREDIENTS
F1300906,ΒΡΩΣΙΜΑ ΛΟΥΛΟΥΔΙΑ ΚΑΛΕΝΤΟΥΛΕΣ BLUE OLYMPUS FIELDS (3G),Jar,1.000 ,F130 CONFECTIONERY & BAKING INGREDIENTS
F13004253,ΓΛΑΣΣΟ ΖΑΧΑΡΟΠΛΑΣΤΙΚΗΣ FONDANT 73 ZUGER GROUP (15KG),Container,1.000 ,F130 CONFECTIONERY & BAKING INGREDIENTS
F1300014,ΓΛΥΚΟΖΗ,Kilogram,10.000 ,F130 CONFECTIONERY & BAKING INGREDIENTS
F1170463,ΔΕΞΤΡΟΖΗ SOSA (1KG),Container,3.000 ,F130 CONFECTIONERY & BAKING INGREDIENTS
F1300824,ΔΕΞΤΡΟΖΗ ΧΥΜΑ,Kilogram,2.500 ,F130 CONFECTIONERY & BAKING INGREDIENTS
F13004237,ΔΙΟΓΚΩΜΕΝΟ ΡΥΖΙ ΜΕ ΕΠΙΚΑΛΥΨΗ ΣΟΚΟΛΑΤΑΣ ΓΑΛΑΚΤΟΣ SWEETBITE (1KG),Packet,1.000 ,F130 CONFECTIONERY & BAKING INGREDIENTS
F13002524,ΕΚΧΥΛΙΣΜΑ ΒΑΝΙΛΙΑΣ ΜΑΔΑΓΑΣΚΑΡΗΣ ΜΕ ΣΠΟΡΟΥΣ GOURMET (1L),Bottles,2.000 ,F130 CONFECTIONERY & BAKING INGREDIENTS
F13002592,ΖΑΧΑΡΗ OKINAWA ΜΑΥΡΗ ΣΕ ΚΟΜΜΑΤΙΑ KOKUTOU HONPO (800G),Packet,2.000 ,F130 CONFECTIONERY & BAKING INGREDIENTS
F1300097,ΖΑΧΑΡΗ ROYAL SUGAR (1KG),Kilogram,21.775 ,F130 CONFECTIONERY & BAKING INGREDIENTS
F13004043,ΖΑΧΑΡΗ SUGARITA (1KG),Kilogram,230.000 ,F130 CONFECTIONERY & BAKING INGREDIENTS
F1300225,ΖΑΧΑΡΗ ΑΧΝΗ ΑΔΙΑΒΡΟΧΗ (1KG),Kilogram,1.000 ,F130 CONFECTIONERY & BAKING INGREDIENTS
F13003267,ΖΑΧΑΡΗ ΑΧΝΗ ΑΔΙΑΒΡΟΧΗ ROYMEL (1KG),Kilogram,5.000 ,F130 CONFECTIONERY & BAKING INGREDIENTS
F13003271,ΖΑΧΑΡΗ ΑΧΝΗ ΧΥΜΑ ROYMEL (10KG),Kilogram,6.100 ,F130 CONFECTIONERY & BAKING INGREDIENTS
F13004032,ΖΑΧΑΡΗ ΚΑΣΤΑΝΗ DRYFO (1KG),Kilogram,24.000 ,F130 CONFECTIONERY & BAKING INGREDIENTS
F13001697,ΖΑΧΑΡΗ ΚΑΣΤΑΝΗ ΖΑΚΟΜΑ FARMER (1KG),Kilogram,10.000 ,F130 CONFECTIONERY & BAKING INGREDIENTS
F13004259,ΖΑΧΑΡΗ ΜΑΥΡΗ MOSCOVADO LOUIS FRANCOIS (1KG),Container,1.000 ,F130 CONFECTIONERY & BAKING INGREDIENTS
F1301103,ΖΕΛΑΤΙΝΗ ΣΚΟΝΗ 200 BLOOM LOUIS FRANCOIS (1KG),Kilogram,0.400 ,F130 CONFECTIONERY & BAKING INGREDIENTS
F1170261,ΖΕΛΕΣΠΕΣΑ SOSA (500G),Container,1.000 ,F130 CONFECTIONERY & BAKING INGREDIENTS
F13004238,ΘΗΚΕΣ CUPCAKE MINI LOVE PATTERNS PME (60 ΤΕΜ),Packet,6.000 ,F130 CONFECTIONERY & BAKING INGREDIENTS
F13004239,ΘΗΚΕΣ CUPCAKE MINI PRETTY SWEET PME (60 ΤΕΜ),Packet,6.000 ,F130 CONFECTIONERY & BAKING INGREDIENTS
F1300027,ΙΝΔΟΚΑΡΥΔΟ DRYFO,Kilogram,5.000 ,F130 CONFECTIONERY & BAKING INGREDIENTS
F1300345,ΚΑΚΑΟ VALRHONA POWDER VALHRONA (3KG),Kilogram,2.000 ,F130 CONFECTIONERY & BAKING INGREDIENTS
F1300008,ΚΑΚΑΟ ΣΚΟΝΗ 20-22%,Kilogram,0.200 ,F130 CONFECTIONERY & BAKING INGREDIENTS
F13001495,ΚΑΚΑΟ ΣΚΟΝΗ 22-24% ROUGE ULTIME COCOA POWDER BARRY (5KG),Packet,1.000 ,F130 CONFECTIONERY & BAKING INGREDIENTS
F13004240,ΚΑΣ ΚΑΣ ΓΑΛΑΖΙΟ SUGART (750G),Container,1.000 ,F130 CONFECTIONERY & BAKING INGREDIENTS
F13004241,ΚΑΣ ΚΑΣ ΡΟΖ SWEETBITE (220G),Container,1.000 ,F130 CONFECTIONERY & BAKING INGREDIENTS
F1301027,ΚΕΛΥΦΙΑ ΣΟΚΟΛΑΤΑΣ CHOCO DECOR TRUFFLE SHELLS DARK25 BARBARA LUICCKX (504 ΤΕΜ),Box,1.000 ,F130 CONFECTIONERY & BAKING INGREDIENTS
F1301028,ΚΕΛΥΦΙΑ ΣΟΚΟΛΑΤΑΣ CHOCO DECOR TRUFFLE SHELLS MILK25 BARBARA LUICCKX (504 ΤΕΜ),Box,1.000 ,F130 CONFECTIONERY & BAKING INGREDIENTS
F1301029,ΚΕΛΥΦΙΑ ΣΟΚΟΛΑΤΑΣ CHOCO DECOR TRUFFLE SHELLS WHITE25 BARBARA LUICCKX (504 ΤΕΜ),Box,1.000 ,F130 CONFECTIONERY & BAKING INGREDIENTS
F13001435,ΚΟΚΚΙΝΑ ΦΡΟΥΤΑ ΤΟΥ ΔΑΣΟΥΣ ΛΥΟΦΙΛΟΠΟΙΗΜΕΝΑ ΚΟΜΜΑΤΑΚΙΑ BRIX (200G),Container,1.000 ,F130 CONFECTIONERY & BAKING INGREDIENTS
F1300477,ΚΟΥΒΕΡΤΟΥΡΑ FEVES JIVARA LACTEE 40% VALHRONA,Kilogram,1.700 ,F130 CONFECTIONERY & BAKING INGREDIENTS
F1300419,ΚΟΥΒΕΡΤΟΥΡΑ GUANAYA 70% VALHRONA,Kilogram,8.000 ,F130 CONFECTIONERY & BAKING INGREDIENTS
F1300332,ΚΟΥΒΕΡΤΟΥΡΑ IVOIRE ΛΕΥΚΗ ΣΟΚΟΛΑΤΑ VALHRONA,Kilogram,6.300 ,F130 CONFECTIONERY & BAKING INGREDIENTS
F13001518,ΚΟΥΒΕΡΤΟΥΡΑ VALRHONA CARAMELIA LACTEE FEVES ΓΑΛΑΚΤΟΣ 36%,Kilogram,1.200 ,F130 CONFECTIONERY & BAKING INGREDIENTS
F13003738,ΜΑΓΙΑ ΞΕΡΗ LESAFFRE,Kilogram,0.500 ,F130 CONFECTIONERY & BAKING INGREDIENTS
F1300040,ΜΑΓΙΑ ΞΗΡΗ ΓΙΩΤΗΣ ΣΕΤ 3ΤΕΜ ΓΙΩΤΗΣ,Packet,3.000 ,F130 CONFECTIONERY & BAKING INGREDIENTS
F13002608,ΜΕΙΓΜΑ ΒΑΦΛΑΣ CARBON (2.27KG),Sack,5.000 ,F130 CONFECTIONERY & BAKING INGREDIENTS
F1300187,ΜΕΙΓΜΑ ΚΕΪΚ ΒΑΒΚΑ BAKELS (15KG),Kilogram,15.000 ,F130 CONFECTIONERY & BAKING INGREDIENTS
F1300186,ΜΕΙΓΜΑ ΚΕΪΚ ΣΟΚΟΛΑΤΑΣ R&H (25KG),Kilogram,25.000 ,F130 CONFECTIONERY & BAKING INGREDIENTS
F1300268,ΜΠΕΙΚΙΝ ΠΑΟΥΝΤΕΡ ΧΥΜΑ DRYFO,Kilogram,0.500 ,F130 CONFECTIONERY & BAKING INGREDIENTS
F13003809,ΜΠΕΙΚΙΝ ΠΑΟΥΝΤΕΡ ΧΥΜΑ ROYMEL,Kilogram,3.500 ,F130 CONFECTIONERY & BAKING INGREDIENTS
F1300915,ΜΠΕΙΚΙΝ ΠΑΟΥΝΤΕΡ ΧΩΡΙΣ ΓΛΟΥΤΕΝΗ CLAUS - PURAL (3*18G),Packet,12.000 ,F130 CONFECTIONERY & BAKING INGREDIENTS
F13001693,ΜΠΙΣΚΟΤΑ ΔΙΑΚΟΣΜΗΤΙΚA ΑΡΚΟΥΔΑΚΙ ΚΩΝΡΟΛ (200*15G),Box,1.000 ,F130 CONFECTIONERY & BAKING INGREDIENTS
F1300801,ΜΠΙΣΚΟΤΟ ΤΡΙΜΜΑ OREO (400G),Packet,12.000 ,F130 CONFECTIONERY & BAKING INGREDIENTS
F13002537,ΠΑΣΤΑ ΠΑΓΩΤΟΥ ΦΡΑΟΥΛΑ GELADIS (6KG),Container,0.400 ,F130 CONFECTIONERY & BAKING INGREDIENTS
F13001554,ΠΑΣΤΑ ΦOYNTOYKI 100% DI GUSTO OF (3KG),Kilogram,3.800 ,F130 CONFECTIONERY & BAKING INGREDIENTS
F13003833,ΠΗΚΤΙΝΗ LOUIS FRANCOISE (1KG),Kilogram,5.000 ,F130 CONFECTIONERY & BAKING INGREDIENTS
F1300053,ΠΗΚΤΙΝΗ NAPPAGE VALROHNA (1KG),Kilogram,1.100 ,F130 CONFECTIONERY & BAKING INGREDIENTS
F1300961,ΠΡΑΛΙΝΑ ΚΡΕΜΑ ΛΕΥΚΗ ΜΕ ΓΕΥΣΗ ΒΟΥΤΥΡΟΥ ION NUCREMA (12KG),Kilogram,12.000 ,F130 CONFECTIONERY & BAKING INGREDIENTS
F13001779,ΠΡΑΛΙΝΑ ΦΟΥΝΤΟΥΚΙΟΥ BISCOTTO SPECULOOS ION NUCREMA (5KG),Kilogram,5.000 ,F130 CONFECTIONERY & BAKING INGREDIENTS
F1300709,ΠΡΑΛΙΝΑ ΦΟΥΝΤΟΥΚΙΟΥ NUTELLA FERRERO (5KG),Kilogram,6.000 ,F130 CONFECTIONERY & BAKING INGREDIENTS
F1300483,ΠΡΑΛΙΝΑ ΦΟΥΝΤΟΥΚΙΟΥ ΓΙΑ ΚΡΟΥΑΣΑΝ 4% ION NUCREMA (12KG),Kilogram,12.000 ,F130 CONFECTIONERY & BAKING INGREDIENTS
F1300260,ΠΡΑΛΙΝΑ ΦΟΥΝΤΟΥΚΙΟΥ ΜΕΡΕΝΤΑ ΠΑΥΛΙΔΗ (10KG),Kilogram,30.000 ,F130 CONFECTIONERY & BAKING INGREDIENTS
F13001954,ΣΚΟΝΗ ΒΑΝΙΛΙΑ ΜΑΔΑΓΑΣΚΑΡΗΣ PROVA GOURMET (50G),Jar,1.100 ,F130 CONFECTIONERY & BAKING INGREDIENTS
F1301248,ΣΟΚΟΛΑΤΑ CARAIBES 66% VALHRONA (3KG),Kilogram,2.200 ,F130 CONFECTIONERY & BAKING INGREDIENTS
F13001425,ΣΟΚΟΛΑΤΑ INSPIRATION YUZU FEVES VALHRONA (3KG),Kilogram,1.000 ,F130 CONFECTIONERY & BAKING INGREDIENTS
F13001475,ΣΟΚΟΛΑΤΑ ΑΠΟΜΙΜΗΣΗ ΨΗΣΙΜΑΤΟΣ ΣΕ ΔΑΚΡΥΑ ΡΟΥΜΕΛ (1KG),Kilogram,7.000 ,F130 CONFECTIONERY & BAKING INGREDIENTS
F1301229,ΣΟΚΟΛΑΤΑ ΓΑΛΑΚΤΟΣ 03X5 BELCOLADE (15KG),Kilogram,17.000 ,F130 CONFECTIONERY & BAKING INGREDIENTS
F13004261,ΣΟΚΟΛΑΤΑ ΓΑΛΑΚΤΟΣ ΑΠΟΜΙΜΗΣΗ CHOCOA LUX,Kilogram,2.000 ,F130 CONFECTIONERY & BAKING INGREDIENTS
F1301080,ΣΟΚΟΛΑΤΑ ΛΕΥΚΗ BELCOLADE Χ605 (15KG),Kilogram,26.790 ,F130 CONFECTIONERY & BAKING INGREDIENTS
F13003905,ΣΟΚΟΛΑΤΑ ΛΕΥΚΗ ΑΠΟΜΙΜΗΣΗ CHOCOA LUX,Kilogram,2.000 ,F130 CONFECTIONERY & BAKING INGREDIENTS
F1300295,"ΣΟΚΟΛΑΤΑ ΜΑΥΡΗ 60% MACONDO LUKER (2,5KG)",Packet,4.000 ,F130 CONFECTIONERY & BAKING INGREDIENTS
F1300296,"ΣΟΚΟΛΑΤΑ ΜΑΥΡΗ 65% SANTANDER LUKER (2,5KG)",Packet,6.000 ,F130 CONFECTIONERY & BAKING INGREDIENTS
F1301038,ΣΟΚΟΛΑΤΑ ΥΓΕΙΑΣ BELCOLADE D600 (15KG),Kilogram,5.000 ,F130 CONFECTIONERY & BAKING INGREDIENTS
F13004262,ΣΟΚΟΛΑΤΑ ΥΓΕΙΑΣ ΑΠΟΜΙΜΗΣΗ CHOCOA LUX,Kilogram,2.000 ,F130 CONFECTIONERY & BAKING INGREDIENTS
F13002605,ΣΤΑΘΕΡΟΠΟΙΗΤΗΣ STAB 2000 LOUIS FRANCOIS (150G),Container,0.700 ,F130 CONFECTIONERY & BAKING INGREDIENTS
F13001670,ΣΤΑΘΕΡΟΠΟΙΗΤΗΣ SUPER NEUTROSE (1KG),Container,0.500 ,F130 CONFECTIONERY & BAKING INGREDIENTS
F13003941,ΤΑΧΙΝΙ ΜΑΚΕΔΟΝΙΚΟ ΧΑΙΤΟΓΛΟΥ (3KG),Container,3.000 ,F130 CONFECTIONERY & BAKING INGREDIENTS
F1300086,ΤΡΟΥΦΑ ΖΑΧΑΡΟΠΛΑΣΤΙΚΗΣ ΧΡΩΜΑΤΙΣΤΗ DRYFO,Kilogram,1.500 ,F130 CONFECTIONERY & BAKING INGREDIENTS
F13001663,ΦΥΛΛΑ ΚΙΘΑΡΑΣ PAVONI (500 ΤΕΜ),Packet,0.800 ,F130 CONFECTIONERY & BAKING INGREDIENTS
F13002567,ΧΛΩΡΙΟΥΧΟ ΑΣΒΕΣΤΙΟ TOUFOOD (600G),Container,1.000 ,F130 CONFECTIONERY & BAKING INGREDIENTS
F13001651,ΧΡΩΜΑ ΖΑΧΑΡΟΠΛΑΣΤΙΚΗΣ ΒΟΥΤΥΡΟ ΚΑΚΑΟ ΑΣΠΡΟ PAVONI (200G),Bottles,4.000 ,F130 CONFECTIONERY & BAKING INGREDIENTS
F13003985,ΧΡΩΜΑ ΖΑΧΑΡΟΠΛΑΣΤΙΚΗΣ ΒΟΥΤΥΡΟ ΚΑΚΑΟ ΚΟΚΚΙΝΟ PAVONI ITALIA (200G),Bottles,1.000 ,F130 CONFECTIONERY & BAKING INGREDIENTS
F13001618,ΧΡΩΜΑ ΖΑΧΑΡΟΠΛΑΣΤΙΚΗΣ ΒΟΥΤΥΡΟ ΚΑΚΑΟ ΛΑΧΑΝΙ PAVONI (200G),Bottles,1.000 ,F130 CONFECTIONERY & BAKING INGREDIENTS
F13001653,ΧΡΩΜΑ ΖΑΧΑΡΟΠΛΑΣΤΙΚΗΣ ΒΟΥΤΥΡΟ ΚΑΚΑΟ ΜΑΥΡΟ (200G),Bottles,1.000 ,F130 CONFECTIONERY & BAKING INGREDIENTS
F13003986,ΧΡΩΜΑ ΖΑΧΑΡΟΠΛΑΣΤΙΚΗΣ ΒΟΥΤΥΡΟ ΚΑΚΑΟ ΜΠΛΕ PAVONI ITALIA (200G),Bottles,1.000 ,F130 CONFECTIONERY & BAKING INGREDIENTS
F13003987,ΧΡΩΜΑ ΖΑΧΑΡΟΠΛΑΣΤΙΚΗΣ ΒΟΥΤΥΡΟ ΚΑΚΑΟ ΜΩΒ PAVONI ITALIA (200G),Bottles,1.000 ,F130 CONFECTIONERY & BAKING INGREDIENTS
F13001652,ΧΡΩΜΑ ΖΑΧΑΡΟΠΛΑΣΤΙΚΗΣ ΒΟΥΤΥΡΟ ΚΑΚΑΟ ΡΟΖ PAVONI (200G),Bottles,1.000 ,F130 CONFECTIONERY & BAKING INGREDIENTS
F13001634,ΧΡΩΜΑ ΖΑΧΑΡΟΠΛΑΣΤΙΚΗΣ ΒΟΥΤΥΡΟ ΚΑΚΑΟ ΣΕ SPRAY ΚΑΦΕ ΣΚΟΥΡΟ VELLUTO (400ML),Container,1.000 ,F130 CONFECTIONERY & BAKING INGREDIENTS
F13001635,ΧΡΩΜΑ ΖΑΧΑΡΟΠΛΑΣΤΙΚΗΣ ΒΟΥΤΥΡΟ ΚΑΚΑΟ ΣΕ SPRAY ΚΙΤΡΙΝΟ VELLUTO (400ML),Container,1.000 ,F130 CONFECTIONERY & BAKING INGREDIENTS
F13001632,ΧΡΩΜΑ ΖΑΧΑΡΟΠΛΑΣΤΙΚΗΣ ΒΟΥΤΥΡΟ ΚΑΚΑΟ ΣΕ SPRAY ΚΟΚΚΙΝΟ VELLUTO (400ML),Container,1.000 ,F130 CONFECTIONERY & BAKING INGREDIENTS
F13001636,ΧΡΩΜΑ ΖΑΧΑΡΟΠΛΑΣΤΙΚΗΣ ΒΟΥΤΥΡΟ ΚΑΚΑΟ ΣΕ SPRAY ΜΑΥΡΟ VELLUTO (400ML),Container,1.000 ,F130 CONFECTIONERY & BAKING INGREDIENTS
F13001633,ΧΡΩΜΑ ΖΑΧΑΡΟΠΛΑΣΤΙΚΗΣ ΒΟΥΤΥΡΟ ΚΑΚΑΟ ΣΕ SPRAY ΠΟΡΤΟΚΑΛΙ VELLUTO (400ML),Container,1.000 ,F130 CONFECTIONERY & BAKING INGREDIENTS
F13004188,ΧΡΩΜΑ ΖΑΧΑΡΟΠΛΑΣΤΙΚΗΣ ΛΙΠΟΔΙΑΛΥΤΟ ΥΓΡΟ ΚΙΤΡΙΝΟ PAVONI (180G),Bottles,1.000 ,F130 CONFECTIONERY & BAKING INGREDIENTS
F13004189,ΧΡΩΜΑ ΖΑΧΑΡΟΠΛΑΣΤΙΚΗΣ ΛΙΠΟΔΙΑΛΥΤΟ ΥΓΡΟ ΚΟΚΚΙΝΟ PAVONI (180G),Bottles,1.000 ,F130 CONFECTIONERY & BAKING INGREDIENTS
F13004190,ΧΡΩΜΑ ΖΑΧΑΡΟΠΛΑΣΤΙΚΗΣ ΛΙΠΟΔΙΑΛΥΤΟ ΥΓΡΟ ΜΑΥΡΟ PAVONI (180G),Bottles,1.000 ,F130 CONFECTIONERY & BAKING INGREDIENTS
F13004191,ΧΡΩΜΑ ΖΑΧΑΡΟΠΛΑΣΤΙΚΗΣ ΛΙΠΟΔΙΑΛΥΤΟ ΥΓΡΟ ΜΠΛΕ PAVONI (180G),Bottles,1.000 ,F130 CONFECTIONERY & BAKING INGREDIENTS
F13004192,ΧΡΩΜΑ ΖΑΧΑΡΟΠΛΑΣΤΙΚΗΣ ΛΙΠΟΔΙΑΛΥΤΟ ΥΓΡΟ ΠΡΑΣΙΝΟ PAVONI (180G),Bottles,1.000 ,F130 CONFECTIONERY & BAKING INGREDIENTS
F1301189,ΧΡΩΜΑ ΖΑΧΑΡΟΠΛΑΣΤΙΚΗΣ ΣΚΟΝΗ ΧΡΥΣΟ MALLARD FERRIERE (30G),Piece,1.000 ,F130 CONFECTIONERY & BAKING INGREDIENTS
F13002581,ΧΡΩΜΑ ΜΑΥΡΟΣ ΑΝΘΡΑΚΑΣ TOUFOOD (500G),Container,0.600 ,F130 CONFECTIONERY & BAKING INGREDIENTS
F13101578,MUFFIN ΣΟΚΟΛΑΤΑ ΧΩΡΙΣ ΓΛΟΥΤΕΝΗ ΒΙΟ SCHNITZER (140G),Piece,8.000 ,F131 READY TO EAT SWEETS
F1310574,TOBLERONE (100G),Piece,60.000 ,F131 READY TO EAT SWEETS
F1180055,ΒΙΟΛΟΓΙΚΟ ΚΕΙΚ ΜΕ ΛΕΜΟΝΙ ΧΩΡΙΣ ΓΛΟΥΤΕΝΗ SCHAR (200G),Piece,5.000 ,F131 READY TO EAT SWEETS
F1310789,ΒΙΟΛΟΓΙΚΟ ΚΕΙΚ ΜΕ ΜΥΡΤΙΛΟ ΧΩΡΙΣ ΓΛΟΥΤΕΝΗ SCHNITZER (140G),Piece,8.000 ,F131 READY TO EAT SWEETS
F13101236,ΓΚΟΦΡΕΤΑΚΙΑ ΒΑΝΙΛΙΑ ΜΕ ΠΟΛΥΧΡΩΜΗ ΤΡΟΥΦΑ 7*3CM ΡΟΥΜΕΛΙΩΤΗΣ (200*15G),Box,2.000 ,F131 READY TO EAT SWEETS
F13101043,ΚΑΡΑΜΕΛΕΣ HEXAGON SMARTIES (38G),Packet,60.000 ,F131 READY TO EAT SWEETS
F1310539,ΚΟΥΦΕΤΑΚΙΑ ΠΟΛΥΧΡΩΜΑ RONDO BEBE ΧΥΜΑ ΧΑΤΖΗΓΙΑΝΝΑΚΗΣ,Kilogram,12.000 ,F131 READY TO EAT SWEETS
F13101623,ΜΑΣΤΙΧΑ ΥΠΟΒΡΥΧΙΟ ΑΦΟΙ ΧΑΙΤΟΓΛΟΥ (500G),Container,4.000 ,F131 READY TO EAT SWEETS
F13101624,ΜΑΣΤΙΧΑ ΥΠΟΒΡΥΧΙΟ ΣΑΡΑΝΤΗ (500G),Container,2.000 ,F131 READY TO EAT SWEETS
F13101569,ΜΠΙΣΚOΤΑ ORIGINAL LOTUS BISCOFF (10*250G),Packet,10.000 ,F131 READY TO EAT SWEETS
F1310444,ΜΠΙΣΚΟΤΑ DOUBLE COOKIES DOVE ΧΩΡΙΣ ΓΛΟΥΤΕΝΗ SCHAR (150G),Packet,7.000 ,F131 READY TO EAT SWEETS
F1310699,ΜΠΙΣΚΟΤΑ ΚΑΚΑΟ ΜΕ ΚΟΜΑΤΑΚΙΑ ΣΟΚΟΛΑΤΑΣ ΧΩΡΙΣ ΓΛΟΥΤΕΝΗ DR SCHAR (180G),Packet,5.000 ,F131 READY TO EAT SWEETS
F1400190,ΒΑΣΗ ΠΙΤΣΑΣ ΒΙΟΛΟΓΙΚΗ ΧΩΡΙΣ ΓΛΟΥΤΕΝΗ SCHNITZER (2ΤΜΧ*130G),Packet,2.000 ,F141 FRESH BAKED GOODS
F1400052,ΓΑΛΕΤΑ ΚΙΤΡΙΝΗ ΤΡΙΜΜΕΝΗ PROVIL,Kilogram,45.000 ,F141 FRESH BAKED GOODS
F14000888,ΝΤΑΚΑΚΙ ΧΑΡΟΥΠΙΟΥ ΚΡΗΤΩΝ ΑΡΤΟΣ (18*500G),Packet,12.000 ,F141 FRESH BAKED GOODS
F14000881,ΠΑΞΙΜΑΔΙΑ ΚΡΙΘΑΡΟΚΟΥΛΟΥΡΑ ΤΣΑΤΣΑΚΗΣ (14*600G),Packet,2.000 ,F141 FRESH BAKED GOODS
F14000987,ΠΑΞΙΜΑΔΙΑ ΚΥΘΗΡΩΝ ΤΣΑΤΣΑΚΗΣ (480G),Packet,12.000 ,F141 FRESH BAKED GOODS
F14000921,ΠΙΤΕΣ TORTILLAS ΚΑΛΑΜΠΟΚΙΟΥ 20CM FLAVOR FACTORY (8ΤΕΜ),Packet,49.000 ,F141 FRESH BAKED GOODS
F14000822,ΠΙΤΕΣ TORTILLAS ΚΑΛΑΜΠΟΚΙΟΥ 20CM POCO LOCO (8ΤΜΧ ),Packet,30.000 ,F141 FRESH BAKED GOODS
F14000699,ΠΙΤΕΣ VOLCANO 16CM GREEK PITA ΑΧΑΙΚΗ ΠΙΤΑ (10*100G),Packet,12.000 ,F141 FRESH BAKED GOODS
F1400658,ΦΟΡΜΑ MICHELEN BRIOCHE ΖΕΩ,Piece,6.000 ,F141 FRESH BAKED GOODS
F14100660,ΦΥΛΛΑ ΛΑΒΑΣ ΑΡΜΕΝΙΚΑ (LAVASH) 3TEM (500G),Packet,21.000 ,F141 FRESH BAKED GOODS
F1620323,ΨΩΜΙ BURGER ROYAL BRIOCHE FIRST CLASS (35*80G),Piece,140.000 ,F141 FRESH BAKED GOODS
F14000870,ΨΩΜΙ ΠΡΟΖΥΜΕΝΙΟ DARK ΣΕ ΦΕΤΕΣ ΖΕΩ (5*800G),Box,1.000 ,F141 FRESH BAKED GOODS
F14000872,ΨΩΜΙ ΠΡΟΖΥΜΕΝΙΟ HOLIDAY SEEDS ΖΕΩ (6*800G),Box,1.000 ,F141 FRESH BAKED GOODS
F14100803,ΨΩΜΙ ΠΡΟΖΥΜΕΝΙΟ ΙΣΙΟ ΣΕ ΦΕΤΕΣ ΧΩΡΙΣ ΜΑΓΙΑ FRESCO (2KG),Piece,11.000 ,F141 FRESH BAKED GOODS
F14000728,ΨΩΜΙ ΤΟΣΤ ΑΚΟΠΗ ΖΕΩ (4*1.28KG),Box,1.000 ,F141 FRESH BAKED GOODS
F14001016,ΨΩΜΙ ΤΟΣΤ ΧΩΡΙΣ ΓΛΟΥΤΕΝΗ SCHAR (300G),Piece,20.000 ,F141 FRESH BAKED GOODS
F1420323,ΚΟΤΟΠΙΤΑ ΚΤΨ ΠΑΡΑΛΛΗΛΟΓΡΑΜΜΗ ΓΙΑΝΝΙΤΣΗΣ (4*1.650G),Kilogram,13.200 ,F141 FRESH BAKED GOODS
F1420342,ΜΠΟΥΓΑΤΣΑ ΘΕΣΣΑΛΟΝΙΚΗΣ ΚΤΨ ΜΕ ΚΡΕΜΑ ALFA (450G),Piece,22.000 ,F141 FRESH BAKED GOODS
F1420343,ΜΠΟΥΓΑΤΣΑ ΘΕΣΣΑΛΟΝΙΚΗΣ ΚΤΨ ΜΕ ΤΥΡΙ ALFA (450G),Piece,30.000 ,F141 FRESH BAKED GOODS
F1420208,ΠΑΡΑΔΟΣΙΑΚΗ ΠΙΤΑ ΤΕΤΡΑΓΩΝΗ ΜΕ ΣΠΑΝΑΚΙ ΚΑΙ ΤΥΡΙ ΙΩΝΙΚΗ (2050G),Piece,10.000 ,F141 FRESH BAKED GOODS
F14200483,ΠΑΤΣΑΒΟΥΡΟΠΙΤΑ ΚΤΨ ΠΑΡΑΛΛΗΛΟΓΡΑΜΜΗ ΝΑΞΟΥ 4 ΜΕΡΙΔΕΣ ΓΡΑΒΙΕΡΑ/ΦΕΤΑ/ΜΥΖΗΘΡΑ ΡΟΔΟΥΛΑ (7*900G),Box,1.000 ,F141 FRESH BAKED GOODS
F14200484,ΠΑΤΣΑΒΟΥΡΟΠΙΤΑΚΙ ΚΤΨ ΜΥΚΟΝΟΥ ΛΟΥΚΑΝΙΚΟ/ΣΑΛΤΣΑ/ΤΥΡΙ ΡΟΔΟΥΛΑ (150*40G),Box,1.000 ,F141 FRESH BAKED GOODS
F1420173,ΠΙΤΑΚΙΑ ΤΡΙΓΩΝΑ ΜΕ ΣΠΑΝΑΚΙ-ΤΥΡΙ ΚΤΨ ΧΩΡΙΑΤΙΚΗ ΖΥΜΗ (55G),Kilogram,5.000 ,F141 FRESH BAKED GOODS
F1420316,ΤΥΡΟΠΙΤΑ ΜΕΤΣΟΒΟΥ 7TEM/KIB. ALFA (1.6KG),Piece,7.000 ,F141 FRESH BAKED GOODS
F14200603,ΦΥΛΛΑ ΒΗΡΥΤΟΥ ΚΑΝΑΚΗ (450G),Packet,8.000 ,F141 FRESH BAKED GOODS
F1420121,ΦΥΛΛΟ ΚΑΝΤΑΙΦΙ ΚΤΨ ΚΑΝΑΚΗ (450G),Piece,15.000 ,F141 FRESH BAKED GOODS
F1420159,ΦΥΛΛΟ ΣΦΟΛΙΑΤΑΣ ΚΤΨ ΚΑΝΑΚΗ (800G),Piece,11.000 ,F141 FRESH BAKED GOODS
F1500150,FINGER LIMES ΦΡΕΣΚΑ (100G),Packet,2.000 ,F150 FRESH FRUIT
F1500152,ΑΒΟΚΑΝΤΟ ΦΡΕΣΚΟ ΜΑΥΡΟ-ΩΡΙΜΟ ΕΤΟΙΜΟ ΓΙΑ ΚΑΤΑΝΑΛΩΣΗ-ΕΙΣΑΓΩΓΗΣ ΑΕΡΟΠΟΡΙΚΩΣ,Kilogram,19.700 ,F150 FRESH FRUIT
F1500002,ΑΒΟΚΑΝΤΟ ΦΡΕΣΚΟ ΠΡΑΣΙΝΟ ΣΚΛΗΡΟ-ΑΝΩΡΙΜΟ,Kilogram,29.200 ,F150 FRESH FRUIT
F15000166,ΑΚΤΙΝΙΔΙΑ ΦΡΕΣΚΑ GOLD,Kilogram,14.000 ,F150 FRESH FRUIT
F15000167,ΑΚΤΙΝΙΔΙΑ ΦΡΕΣΚΑ ZESPRI,Kilogram,11.500 ,F150 FRESH FRUIT
F1500004,ΑΝΑΝΑΣ ΦΡΕΣΚΟΣ - 80 ΕΩΣ 90% ΧΡΥΣΑΦΙ ΑΠΟΧΡΩΣΕΙΣ ( COLOR 4-5 ),Kilogram,35.600 ,F150 FRESH FRUIT
F1500083,ΑΝΑΝΑΣ ΦΡΕΣΚΟΣ EXTRA - 90 ΕΩΣ 100% ΧΡΥΣΑΦΙ ΑΠΟΧΡΩΣΕΙΣ ( COLOR 5-6 ),Kilogram,50.300 ,F150 FRESH FRUIT
F1500005,ΑΧΛΑΔΙΑ ΦΡΕΣΚΑ ΑΜΠΑΤΕ ΦΕΤΕΛ,Kilogram,18.600 ,F150 FRESH FRUIT
F1500008,ΑΧΛΑΔΙΑ ΦΡΕΣΚΑ ΚΡΥΣΤΑΛΙΑ (70-90MM*110-120G),Kilogram,3.800 ,F150 FRESH FRUIT
F1500009,ΑΧΛΑΔΙΑ ΦΡΕΣΚΑ ΠΑΚΑΜΣ,Kilogram,8.400 ,F150 FRESH FRUIT
F15000205,ΒΑΝΙΛΙΕΣ ΦΡΕΣΚΙΕΣ EXTRA ΔΙΑΜΕΤΡΟ 55-70MM (100-150G),Kilogram,21.900 ,F150 FRESH FRUIT
F1500010,ΒΑΝΙΛΙΕΣ ΦΡΕΣΚΙΕΣ ΔΙΑΜΕΤΡΟ 55-70MM (100-150G),Kilogram,4.600 ,F150 FRESH FRUIT
F1500011,ΒΑΤΟΜΟΥΡΑ ΦΡΕΣΚΑ BLACKBERRIES (125G),Packet,10.000 ,F150 FRESH FRUIT
F1500012,ΒΕΡΥΚΟΚΑ ΦΡΕΣΚΑ,Kilogram,3.500 ,F150 FRESH FRUIT
F1500013,ΒΕΡΥΚΟΚΑ ΦΡΕΣΚΑ EXTRA,Kilogram,29.400 ,F150 FRESH FRUIT
F1500014,ΓΚΡΕΙΠΦΡΟΥΤ ΦΡΕΣΚΟ ΚΙΤΡΙΝΟ,Kilogram,21.600 ,F150 FRESH FRUIT
F1500015,ΓΚΡΕΙΠΦΡΟΥΤ ΦΡΕΣΚΟ ΚΟΚΚΙΝΟ,Kilogram,35.450 ,F150 FRESH FRUIT
F1500018,ΚΑΡΠΟΥΖΙΑ ΦΡΕΣΚΑ,Kilogram,227.800 ,F150 FRESH FRUIT
F1500019,ΚΑΡΥΔΑ ΦΡΕΣΚΙΑ,Piece,14.000 ,F150 FRESH FRUIT
F15000206,ΚΕΡΑΣΙΑ ΦΡΕΣΚΑ EXTRA,Kilogram,8.700 ,F150 FRESH FRUIT
F15000190,ΛΑΪΜ ΦΡΕΣΚΟ ΧΥΜΟΥ (ΜΙΚΡΑ-ΚΙΤΡΙΝΟΠΡΑΣΙΝΑ) ΔΙΑΜΕΤΡΟΣ 40-50MM (70-90G),Kilogram,13.400 ,F150 FRESH FRUIT
F15000242,ΛΕΜΟΝΙΑ ΦΡΕΣΚΑ Β ΠΟΙΟΤΗΤΑΣ (ΜΙΚΡΑ-ΜΕΓΑΛΑ-ΕΠΙΔΕΡΜΙΚΑ),Kilogram,17.800 ,F150 FRESH FRUIT
F1500023,ΛΕΜΟΝΙΑ ΦΡΕΣΚΑ ΔΙΑΜΕΤΡΟΣ 50-70MM (130-140G),Kilogram,149.400 ,F150 FRESH FRUIT
F15000164,ΜΑΝΓΚΟ ΦΡΕΣΚΑ ΕΙΣΑΓΩΓΗΣ ΑΕΡΟΠΟΡΙΚΑ,Kilogram,5.100 ,F150 FRESH FRUIT
F1500027,ΜΗΛΑ ΦΡΕΣΚΑ SMITH (B) ΠΡΑΣΙΝΑ ΔΙΣΕΙΡΑ (70-80MM*170-190G),Kilogram,16.600 ,F150 FRESH FRUIT
F1500025,ΜΗΛΑ ΦΡΕΣΚΑ SMITH EXTRA ΠΡΑΣΙΝΑ ΜΟΝΟΣΕΙΡΑ (80-90MM*220-240G),Kilogram,25.300 ,F150 FRESH FRUIT
F1500028,ΜΗΛΑ ΦΡΕΣΚΑ STARKEN ΚΟΚΚΙΝΑ EXTRA,Kilogram,16.100 ,F150 FRESH FRUIT
F1500034,ΜΟΥΣΜΟΥΛΑ ΦΡΕΣΚΑ,Kilogram,9.000 ,F150 FRESH FRUIT
F15000209,ΜΠΑΝΑΝΕΣ ΦΡΕΣΚΕΣ KITΡΙΝΕΣ ΜΕ ΠΡΑΣΙΝΕΣ ΑΚΡΕΣ NO NAME (COLOR 3),Kilogram,33.000 ,F150 FRESH FRUIT
F1500035,ΜΠΑΝΑΝΕΣ ΦΡΕΣΚΕΣ ΚΙΤΡΙΝΕΣ ΜΕ ΠΡΑΣΙΝΕΣ ΑΚΡΕΣ CHIQUITA (COLOR 3),Kilogram,64.300 ,F150 FRESH FRUIT
F1500036,ΜΠΑΝΑΝΕΣ ΦΡΕΣΚΕΣ ΚΙΤΡΙΝΕΣ ΜΕ ΠΡΑΣΙΝΕΣ ΑΚΡΕΣ DOLE (COLOR 3),Kilogram,5.200 ,F150 FRESH FRUIT
F1500140,ΜΥΡΤΙΛΑ ΦΡΕΣΚΑ BLUEBERRIES (125G),Packet,18.000 ,F150 FRESH FRUIT
F15000216,ΝΕΚΤΑΡΙΝΙΑ 80-90ΜΜ EXTRA,Kilogram,36.500 ,F150 FRESH FRUIT
F1500040,ΝΕΚΤΑΡΙΝΙΑ ΦΡΕΣΚΑ,Kilogram,3.700 ,F150 FRESH FRUIT
F1500041,ΠΕΠΟΝΙΑ ΦΡΕΣΚΑ,Kilogram,44.300 ,F150 FRESH FRUIT
F1500117,ΠΕΠΟΝΙΑ ΦΡΕΣΚΑ CANTALOUPES,Kilogram,31.000 ,F150 FRESH FRUIT
F1500122,ΠΟΡΤΟΚΑΛΙΑ ΦΑΓΗΤΟΥ ΦΡΕΣΚΑ EXTRA,Kilogram,26.200 ,F150 FRESH FRUIT
F1500042,ΠΟΡΤΟΚΑΛΙΑ ΦΑΓΗΤΟΥ ΦΡΕΣΚΑ ΔΙΑΜΕΤΡΟΣ 70-90MM (270-300G),Kilogram,20.500 ,F150 FRESH FRUIT
F1500043,ΠΟΡΤΟΚΑΛΙΑ ΧΥΜΟΥ ΦΡΕΣΚΑ ΜΗΧΑΝΗΣ ΔΙΑΜΕΤΡΟΣ 50-70MM (120-140G),Kilogram,601.000 ,F150 FRESH FRUIT
F1500044,ΡΟΔΑΚΙΝΑ ΦΡΕΣΚΑ,Kilogram,10.600 ,F150 FRESH FRUIT
F1500157,ΡΟΔΑΚΙΝΑ ΦΡΕΣΚΑ EXTRA,Kilogram,8.400 ,F150 FRESH FRUIT
F1500045,ΡΟΔΙΑ ΦΡΕΣΚΑ,Kilogram,5.600 ,F150 FRESH FRUIT
F1500059,ΣΜΕΟΥΡΑ ΦΡΕΣΚΑ RASPBERRIES (FRAMBOISE) (125G),Packet,21.000 ,F150 FRESH FRUIT
F1500050,ΣΤΑΦΥΛΙΑ ΦΡΕΣΚΑ ΚΟΚΚΙΝΑ ΜΕ ΚΟΥΚΟΥΤΣΙ,Kilogram,7.100 ,F150 FRESH FRUIT
F1500051,ΣΤΑΦΥΛΙΑ ΦΡΕΣΚΑ ΣΟΥΛΤΑΝΙΝΑ ΑΣΠΡΑ ΧΩΡΙΣ ΚΟΥΚΟΥΤΣΙ,Kilogram,39.000 ,F150 FRESH FRUIT
F1500055,ΦΡΑΟΥΛΕΣ ΦΡΕΣΚΕΣ ΕΛΛΗΝΙΚΕΣ,Kilogram,28.500 ,F150 FRESH FRUIT
F1500065,ΦΡΟΥΤΟ ΤΟΥ ΠΑΘΟΥΣ ΦΡΕΣΚΟ (PASSION FRUIT),Kilogram,0.750 ,F150 FRESH FRUIT
F1500066,ΦΥΛΛΑ ΚΑΠΟΥΤΣΙΝΟ ΦΡΕΣΚΑ (30G),Packet,9.000 ,F150 FRESH FRUIT
F15000243,ΦΥΛΛΑ ΚΑΦΙΡ ΛΑΪΜ ΦΡΕΣΚΑ (25G),Packet,2.000 ,F150 FRESH FRUIT
F1510329,BOK CHOY ΦΡΕΣΚΟ ΜΙΝΙ,Packet,79.000 ,F151 FRESH VEGETABLES
F15100622,MICROGREENS AMARANTH / ΑΜΑΡΑΝΘΟΣ BIO 375CC,Piece,3.000 ,F151 FRESH VEGETABLES
F15100592,MICROGREENS ARUGULA BIO 750CC,Piece,1.000 ,F151 FRESH VEGETABLES
F15100623,MICROGREENS BASIL GREEN / ΒΑΣΙΛΙΚΟΣ BIO 375CC,Piece,4.000 ,F151 FRESH VEGETABLES
F15100598,MICROGREENS BLUE PEPE 750CC,Piece,3.000 ,F151 FRESH VEGETABLES
F15100584,MICROGREENS CORIANDER / ΚΟΛΙΑΝΔΡΟ BIO 750CC,Piece,3.000 ,F151 FRESH VEGETABLES
F15100582,MICROGREENS MIZUNA BIO 750CC,Piece,3.000 ,F151 FRESH VEGETABLES
F15100596,MICROGREENS OXALIS BIO 750CC,Piece,2.000 ,F151 FRESH VEGETABLES
F1510291,PATΤY PAN ΦΡΕΣΚΑ ΠΡΑΣΙΝΑ (200G),Packet,1.000 ,F151 FRESH VEGETABLES
F15100382,SHISO ΦΥΛΛΑ ΦΡΕΣΚΑ,Packet,12.000 ,F151 FRESH VEGETABLES
F15100494,ΑΓΓΟΥΡΙΑ ΦΡΕΣΚΑ (B) ΣΤΡΑΒΑ 280-350MM (280-360G),Piece,60.000 ,F151 FRESH VEGETABLES
F1510007,ΑΓΓΟΥΡΙΑ ΦΡΕΣΚΑ (Α) ΙΣΙΑ 280-350MM (280-360G),Piece,57.000 ,F151 FRESH VEGETABLES
F1510305,ΑΓΓΟΥΡΙΑ ΦΡΕΣΚΑ EXTRA,Piece,120.000 ,F151 FRESH VEGETABLES
F1510169,ΑΓΚΙΝΑΡΑ ΙΕΡΟΥΣΑΛΗΜ ΦΡΕΣΚIA (ΤΟΠΙΝΑΜΠΟΥΡ),Kilogram,0.800 ,F151 FRESH VEGETABLES
F1510002,ΑΪΣΜΠΕΡΓΚ ΦΡΕΣΚΟ,Kilogram,18.300 ,F151 FRESH VEGETABLES
F15100419,ΑΝΘΟΣ ΚΟΛΟΚΥΘΙΟΥ ΦΡΕΣΚΟΣ (1ΟΤΜΧ),Packet,6.000 ,F151 FRESH VEGETABLES
F1510009,ΑΝΙΘΟΣ ΦΡΕΣΚΟΣ (150-200G),Piece,43.000 ,F151 FRESH VEGETABLES
F15100697,ΑΡΜΠΑΡΟΡΙΖΑ ΦΥΛΛΑ ΦΡΕΣΚΑ (250G),Packet,2.000 ,F151 FRESH VEGETABLES
F1510012,ΒΑΣΙΛΙΚΟΣ ΦΡΕΣΚΟΣ (70-100G),Piece,36.000 ,F151 FRESH VEGETABLES
F1510013,ΒΛΗΤΑ ΦΡΕΣΚΑ,Kilogram,2.700 ,F151 FRESH VEGETABLES
F1510014,ΓΛΥΚΟΠΑΤΑΤΕΣ ΦΡΕΣΚΕΣ,Kilogram,2.000 ,F151 FRESH VEGETABLES
F1510017,ΔΥΟΣΜΟΣ ΦΡΕΣΚΟΣ (100G),Packet,35.000 ,F151 FRESH VEGETABLES
F1510108,ΕΣΚΑΡΟΛ ΦΡΕΣΚΟ (280-300G),Packet,1.000 ,F151 FRESH VEGETABLES
F1510018,ΕΣΤΡΑΓΚΟΝ ΦΡΕΣΚΟ (70G),Packet,6.000 ,F151 FRESH VEGETABLES
F1510200,ΖΑΧΑΡΟΜΠΙΖΕΛΑ ΦΡΕΣΚΑ SNOW PEAS (250G),Packet,18.000 ,F151 FRESH VEGETABLES
F1510020,ΘΥΜΑΡΙ ΦΡΕΣΚΟ (70-100G),Piece,54.000 ,F151 FRESH VEGETABLES
F15100498,ΚΑΡΟΤΑ ΦΡΕΣΚΑ (Β) ΜΕΓΑΛΑ-ΧΟΝΤΡΑ,Kilogram,40.400 ,F151 FRESH VEGETABLES
F1510021,ΚΑΡΟΤΑ ΦΡΕΣΚΑ ΜΕΤΡΙΑ (A),Kilogram,10.000 ,F151 FRESH VEGETABLES
F1510285,ΚΑΦΙΡ ΛΑΪΜ ΦΡΕΣΚΟ,Kilogram,0.770 ,F151 FRESH VEGETABLES
F1510022,ΚΟΛΙΑΝΔΡΟΣ ΦΡΕΣΚΟΣ (100G),Piece,32.000 ,F151 FRESH VEGETABLES
F1510023,ΚΟΛΟΚΥΘΑΚΙ ΜΕ ΑΝΘΟ ΦΡΕΣΚΟ,Kilogram,14.500 ,F151 FRESH VEGETABLES
F1510124,ΚΟΛΟΚΥΘΑΚΙΑ BABY ΦΡΕΣΚΑ ΟΛΛΑΝΔΙΑΣ (200G),Packet,2.000 ,F151 FRESH VEGETABLES
F15100640,ΚΟΛΟΚΥΘΑΚΙΑ ΚΙΤΡΙΝΑ ΚΥΛΙΝΔΡΙΚΑ (ΒΑΡΟΣ ΚΑΡΠΟΥ 200-250GR)- PREMIUM QUALITY,Kilogram,2.000 ,F151 FRESH VEGETABLES
F1510025,ΚΟΛΟΚΥΘΑΚΙΑ ΦΡΕΣΚΑ (45-60MM*190-230G),Kilogram,59.600 ,F151 FRESH VEGETABLES
F1510026,ΚΟΛΟΚΥΘΕΣ ΦΡΕΣΚΕΣ,Kilogram,2.000 ,F151 FRESH VEGETABLES
F1510092,ΚΟΥΝΟΥΠΙΔΙ ΦΡΕΣΚΟ,Kilogram,22.900 ,F151 FRESH VEGETABLES
F1510027,ΚΡΕΜΜΥΔΑΚΙΑ ΦΡΕΣΚΑ 6-8ΤΕΜ (180-200G),Packet,26.000 ,F151 FRESH VEGETABLES
F1510119,ΚΡΕΜΜΥΔΙΑ ΕΣΑΛΟΤ ΦΡΕΣΚΑ (250G),Packet,95.000 ,F151 FRESH VEGETABLES
F15100496,ΚΡΕΜΜΥΔΙΑ ΞΕΡΑ ΑΣΠΡΑ  (ΜΕΤΡΙΑ) 50-70,Kilogram,15.300 ,F151 FRESH VEGETABLES
F1510028,ΚΡΕΜΜΥΔΙΑ ΞΕΡΑ ΑΣΠΡΑ (ΜΕΓΑΛΑ) 70-90,Kilogram,80.300 ,F151 FRESH VEGETABLES
F1510029,ΚΡΕΜΜΥΔΙΑ ΞΕΡΑ ΚΟΚΚΙΝΑ (ΜΕΓΑΛΑ) 70-90,Kilogram,5.000 ,F151 FRESH VEGETABLES
F15100497,ΚΡΕΜΜΥΔΙΑ ΞΕΡΑ ΚΟΚΚΙΝΑ (ΜΕΤΡΙΑ) 50-70,Kilogram,50.800 ,F151 FRESH VEGETABLES
F15100387,ΚΡΕΜΜΥΔΙΑ ΦΡΕΣΚΑ ΕΣΑΛΟΤ,Kilogram,53.700 ,F151 FRESH VEGETABLES
F1510030,ΚΡΕΜΜΥΔΙΑ ΦΡΕΣΚΑ ΣΤΙΦΑΔΟΥ ΣΤΡΟΓΓΥΛΑ,Kilogram,4.000 ,F151 FRESH VEGETABLES
F1510135,ΛΑΪΜ ΦΡΕΣΚΟ (ΔΙΑΜΕΤΡΟΣ 50-60MM*100-130G),Kilogram,31.800 ,F151 FRESH VEGETABLES
F1510031,ΛΑΧΑΝΟ ΦΡΕΣΚΟ ΑΣΠΡΟ,Kilogram,19.300 ,F151 FRESH VEGETABLES
F1510032,ΛΑΧΑΝΟ ΦΡΕΣΚΟ ΚΙΝΕΖΙΚΟ,Kilogram,2.800 ,F151 FRESH VEGETABLES
F1510098,ΛΕΜΟΝΟΘΥΜΑΡΟ ΦΡΕΣΚΟ (70-100G),Packet,1.000 ,F151 FRESH VEGETABLES
F15100378,ΛΕΜΟΝΟΦΥΛΛΑ ΦΡΕΣΚΑ (250G),Packet,5.000 ,F151 FRESH VEGETABLES
F1510221,ΛΕΜΟΝΟΧΟΡΤΟ ΦΡΕΣΚΟ ΣΕ ΤΜΧ (70G),Packet,1.000 ,F151 FRESH VEGETABLES
F1510269,ΛΟΥΪΖΑ ΦΡΕΣΚΙΑ,Piece,5.000 ,F151 FRESH VEGETABLES
F1510245,ΛΟΥΛΟΥΔΙΑ ΦΡΕΣΚΑ ΒΡΩΣΙΜΑ (30-40TΕΜ*10G),Packet,3.000 ,F151 FRESH VEGETABLES
F1510034,ΜΑΙΝΤΑΝΟΣ ΦΡΕΣΚΟΣ (190-210G),Piece,28.000 ,F151 FRESH VEGETABLES
F1510183,ΜΑΝΙΤΑΡΙΑ ENOKI ΦΡΕΣΚΑ (100G),Packet,4.000 ,F151 FRESH VEGETABLES
F1510187,ΜΑΝΙΤΑΡΙΑ SHIMEJI ΦΡΕΣΚΑ ΚΑΦΕ (150G),Packet,28.000 ,F151 FRESH VEGETABLES
F1510116,ΜΑΝΙΤΑΡΙΑ ΠΛΕΥΡΩΤΟΥΣ ΦΡΕΣΚΑ,Kilogram,8.000 ,F151 FRESH VEGETABLES
F1510037,ΜΑΝΙΤΑΡΙΑ ΦΡΕΣΚΑ CHAMPIGNON,Kilogram,19.000 ,F151 FRESH VEGETABLES
F1510036,ΜΑΝΙΤΑΡΙΑ ΦΡΕΣΚΑ PORTOBELLO,Kilogram,19.000 ,F151 FRESH VEGETABLES
F15100385,ΜΑΝΙΤΑΡΙΑ ΦΡΕΣΚΑ SHIMEJI ΛΕΥΚΑ (150G),Packet,28.000 ,F151 FRESH VEGETABLES
F1510294,ΜΑΝΙΤΑΡΙΑ ΦΡΕΣΚΑ ΚΑΝΘΑΡΕΛΕΣ,Kilogram,5.000 ,F151 FRESH VEGETABLES
F1510222,ΜΑΡΟΥΛΙ BABY ΦΡΕΣΚΟ (6ΤΕΜ/350-400G),Packet,32.000 ,F151 FRESH VEGETABLES
F1510040,ΜΑΡΟΥΛΙ ΦΡΕΣΚΟ,Kilogram,9.400 ,F151 FRESH VEGETABLES
F15100648,ΜΕΛΙΤΖΑΝΕΣ (ΜΑΥΡΕΣ ΙΣΙΕΣ) ΡΙΜΕΣ 200-300 GR (ΔΙΑΜΕΤΡΟ 80-100ΜΜ),Kilogram,9.700 ,F151 FRESH VEGETABLES
F1510043,ΜΕΛΙΤΖΑΝΕΣ ΦΡΕΣΚΕΣ ΤΣΑΚΩΝΙΚΕΣ,Kilogram,15.000 ,F151 FRESH VEGETABLES
F1510044,ΜΕΛΙΤΖΑΝΕΣ ΦΡΕΣΚΕΣ ΦΛΑΣΚΕΣ (80-100MM*300-400G),Kilogram,7.900 ,F151 FRESH VEGETABLES
F1510005,ΜΕΣΚΛΑΝ ΦΡΕΣΚΟ 14 ΕΙΔΗ,Kilogram,3.200 ,F151 FRESH VEGETABLES
F1510006,ΜΕΣΚΛΑΝ ΦΡΕΣΚΟ 4-5 ΕΙΔΗ,Kilogram,2.000 ,F151 FRESH VEGETABLES
F1510045,ΜΙΖΟΥΝΙΑ ΦΡΕΣΚΙΑ (100G),Packet,2.000 ,F151 FRESH VEGETABLES
F15100676,ΜΟΥΣΤΑΡΔΟΦΥΛΛΑ (100G),Packet,3.000 ,F151 FRESH VEGETABLES
F15100612,ΜΠΡΟΚΟΛΟ BABY ΦΡΕΣΚΟ ΤΕΜ. (150G),Packet,33.000 ,F151 FRESH VEGETABLES
F1510106,ΜΠΡΟΚΟΛΟ ΦΡΕΣΚΟ,Kilogram,32.000 ,F151 FRESH VEGETABLES
F1510103,ΜΥΡΩΝΙΑ ΦΡΕΣΚΑ (70-100G),Packet,21.000 ,F151 FRESH VEGETABLES
F1510142,ΝΕΡΟΚΑΡΔΑΜΟ ΦΡΕΣΚΟ (70-100G),Packet,30.000 ,F151 FRESH VEGETABLES
F1510050,ΝΤΟΜΑΤΕΣ ΦΡΕΣΚΕΣ (A) EXTASY 90% ΚΟΚΚΙΝΕΣ (ΔΙΑΜΕΤΡΟ 70-90MM*220-250G),Kilogram,28.000 ,F151 FRESH VEGETABLES
F1510051,ΝΤΟΜΑΤΕΣ ΦΡΕΣΚΕΣ (B) (ΔΙΑΜΕΤΡΟ 50-70MM*150-170G),Kilogram,5.000 ,F151 FRESH VEGETABLES
F1510052,ΝΤΟΜΑΤΕΣ ΦΡΕΣΚΕΣ ΜΟΝΟΣΕΙΡΕΣ EXTRA 90% ΚΟΚΚΙΝΕΣ (ΔΙΑΜΕΤΡΟΣ 100-110MM*240G+),Kilogram,118.400 ,F151 FRESH VEGETABLES
F15100613,ΝΤΟΜΑΤΙΝΙΑ ΒΕΛΑΝΙΔΙΑ ΦΡΕΣΚΑ,Kilogram,26.600 ,F151 FRESH VEGETABLES
F1510083,ΝΤΟΜΑΤΙΝΙΑ ΦΡΕΣΚΑ ΒΕΛΑΝΙΔΙΑ (800G),Packet,4.000 ,F151 FRESH VEGETABLES
F1510053,ΠΑΝΤΖΑΡΙΑ ΦΡΕΣΚΑ,Kilogram,14.500 ,F151 FRESH VEGETABLES
F1510054,ΠΑΝΤΖΑΡΟΦΥΛΛΑ CHARD SHOTS RED,Packet,2.000 ,F151 FRESH VEGETABLES
F15100717,ΠΑΤΑΤΕΣ BABY EXTRA ΦΡΕΣΚΕΣ,Kilogram,18.000 ,F151 FRESH VEGETABLES
F1510055,ΠΑΤΑΤΕΣ BABY ΦΡΕΣΚΕΣ,Kilogram,10.000 ,F151 FRESH VEGETABLES
F15100549,ΠΑΤΑΤΕΣ ΑΙΓΥΠΤΟΥ ΦΡΕΣΚΕΣ ΣΠΟΥΝΤΑ ΑΣΠΡΕΣ ΓΙΑ ΤΗΓΑΝΙ 60+,Kilogram,275.000 ,F151 FRESH VEGETABLES
F1510304,ΠΑΤΑΤΕΣ ΦΡΕΣΚΕΣ ΚΥΠΡΟΥ,Kilogram,51.000 ,F151 FRESH VEGETABLES
F15100548,ΠΑΤΑΤΕΣ ΦΡΕΣΚΕΣ ΣΠΟΥΝΤΑ ΚΙΤΡΙΝΕΣ ΓΙΑ ΤΗΓΑΝΙ 60+,Kilogram,30.500 ,F151 FRESH VEGETABLES
F1510153,ΠΑΤΑΤΕΣ ΦΡΕΣΚΙΕΣ ΚΟΚΚΙΝΕΣ (ROSENVAL),Kilogram,4.500 ,F151 FRESH VEGETABLES
F1510087,ΠΙΠΕΡΑΚΙ ΤΣΙΛΙ ΦΡΕΣΚΟ ΚΟΚΚΙΝΟ ΣΕ ΚΙΛΟ,Kilogram,4.430 ,F151 FRESH VEGETABLES
F1510172,ΠΙΠΕΡΑΚΙ ΦΡΕΣΚΟ ΤΣΙΛΙ ΠΡΑΣΙΝΟ,Kilogram,0.500 ,F151 FRESH VEGETABLES
F1510064,ΠΙΠΕΡΙΕΣ ΦΛΩΡΙΝΗΣ ΦΡΕΣΚΕΣ (A) ΙΣΙΕΣ (70-100G),Kilogram,54.500 ,F151 FRESH VEGETABLES
F15100505,ΠΙΠΕΡΙΕΣ ΦΡΕΣΚΕΣ ΓΙΑ ΓΕΜΙΣΜΑ ΠΡΑΣΙΝΕΣ ΣΚΟΥΡΟΧΡΩΜΕΣ,Kilogram,11.500 ,F151 FRESH VEGETABLES
F1510139,ΠΙΠΕΡΙΕΣ ΦΡΕΣΚΕΣ ΚΑΥΤΕΡΕΣ,Piece,10.000 ,F151 FRESH VEGETABLES
F1510063,ΠΙΠΕΡΙΕΣ ΦΡΕΣΚΕΣ ΠΡΑΣΙΝΕΣ (A) ΚΕΡΑΤΟ ΓΛΥΚΙΕΣ ΙΣΙΕΣ (70-100G),Kilogram,20.000 ,F151 FRESH VEGETABLES
F1510065,ΠΡΑΣA ΦΡΕΣΚA,Kilogram,12.400 ,F151 FRESH VEGETABLES
F15100372,ΠΡΑΣA ΦΡΕΣΚA EXTRA,Kilogram,1.400 ,F151 FRESH VEGETABLES
F1510068,ΡΑΠΑΝΑΚΙΑ ΦΡΕΣΚΑ (100-125G),Packet,14.000 ,F151 FRESH VEGETABLES
F15100715,ΡΙΖΑ WASSABI ΦΡΕΣΚΙΑ,Kilogram,0.110 ,F151 FRESH VEGETABLES
F1510070,ΡΟΚΑ BABY ΦΡΕΣΚΙΑ,Kilogram,3.400 ,F151 FRESH VEGETABLES
F1510300,ΡΟΚΑ BABY ΦΡΕΣΚΙΑ (100G),Packet,3.000 ,F151 FRESH VEGETABLES
F1510072,ΣΑΛΑΤΑ ΓΑΛΛΙΚΗ ΦΡΕΣΚΙΑ (100G),Packet,1.000 ,F151 FRESH VEGETABLES
F1510074,ΣΕΛΕΡΙ ΦΡΕΣΚΟ,Kilogram,23.900 ,F151 FRESH VEGETABLES
F1510077,ΣΕΣΚΟΥΛΟ ΦΡΕΣΚΟ,Kilogram,1.200 ,F151 FRESH VEGETABLES
F15100620,ΣΚΟΡΔΑ ΦΡΕΣΚΑ ΑΠΟΦΛΙΩΜΕΝΑ,Kilogram,8.000 ,F151 FRESH VEGETABLES
F15100547,ΣΚΟΡΔΑ ΦΡΕΣΚΑ ΞΕΡΑ ΣΕ ΚΙΛΑ (50-60G),Kilogram,25.250 ,F151 FRESH VEGETABLES
F1510079,ΣΠΑΝΑΚΙ BABY ΦΡΕΣΚΟ,Kilogram,1.400 ,F151 FRESH VEGETABLES
F15100386,ΣΠΑΝΑΚΙ BABY ΦΡΕΣΚΟ (100G),Packet,2.000 ,F151 FRESH VEGETABLES
F1510080,ΣΠΑΝΑΚΙ ΦΡΕΣΚΟ,Kilogram,10.400 ,F151 FRESH VEGETABLES
F15100351,ΣΠΑΡΑΓΓΙΑ ΦΡΕΣΚΑ ΑΣΠΡΑ,Kilogram,2.000 ,F151 FRESH VEGETABLES
F1510165,ΣΠΑΡΑΓΓΙΑ ΦΡΕΣΚΑ ΠΡΑΣΙΝΑ (ΔΙΑΜΕΤΡΟ 10-15MM),Kilogram,8.000 ,F151 FRESH VEGETABLES
F1510001,ΣΧΟΙΝΟΠΡΑΣΟ ΦΡΕΣΚΟ CHIVES (70G),Packet,16.000 ,F151 FRESH VEGETABLES
F1510082,ΤΖΙΝΤΖΕΡ ΦΡΕΣΚΟ,Kilogram,4.400 ,F151 FRESH VEGETABLES
F1510246,ΤΡΟΥΦΑ ΦΡΕΣΚΙΑ ΚΑΛΟΚΑΙΡΙΝΗ,Kilogram,1.500 ,F151 FRESH VEGETABLES
F1510118,ΦΑΣΟΛΑΚΙΑ HARICOT ΦΡΕΣΚΑ (250G),Packet,4.000 ,F151 FRESH VEGETABLES
F1510091,ΦΙΝΟΚΙΟ ΦΡΕΣΚΟ,Kilogram,5.750 ,F151 FRESH VEGETABLES
F1510268,ΦΥΤΡΕΣ ΚΟΛΙΑΝΔΡΟΥ,Piece,1.000 ,F151 FRESH VEGETABLES
F1510339,ΦΥΤΡΕΣ ΜΙΖΟΥΝΑ,Piece,3.000 ,F151 FRESH VEGETABLES
F1510226,ΦΥΤΡΕΣ ΜΟΥΣΤΑΡΔΑΣ,Piece,1.000 ,F151 FRESH VEGETABLES
F1510336,ΦΥΤΡΕΣ ΜΥΡΩΝΙ,Piece,2.000 ,F151 FRESH VEGETABLES
F1510231,ΦΥΤΡΕΣ ΠΑΤΖΑΡΙ,Piece,6.000 ,F151 FRESH VEGETABLES
F16000130,ΒΑΤΟΜΟΥΡΟ ΚΟΚΚΙΝΟ ΚΤΨ ARDO,Kilogram,35.000 ,F160 FROZEN FRUIT
F16000031,ΒΥΣΣΙΝΟ ΚΤΨ,Kilogram,10.000 ,F160 FROZEN FRUIT
F16000102,ΒΥΣΣΙΝΟ ΚΤΨ SELEKTIA,Kilogram,20.000 ,F160 FROZEN FRUIT
F1600006,ΒΥΣΣΙΝΟ ΚΤΨ ΟΛΟΚΛΗΡΟ ΕΚΠΥΡΩΜΕΝΟ POLAD (10KG),Kilogram,20.000 ,F160 FROZEN FRUIT
F1600002,ΚΕΡΑΣΙ ΚΤΨ AGRIFREDA,Kilogram,30.000 ,F160 FROZEN FRUIT
F16000149,ΜΥΡΤΙΛΑ BLUEBERRIES ΚΤΨ ARDO,Kilogram,15.000 ,F160 FROZEN FRUIT
F16000059,ΠΟΥΛΠΑ-ΠΟΥΡΕΣ ΚΤΨ ΒΑΤΟΜΟΥΡΟ 90% ANDROS (1KG),Container,7.000 ,F160 FROZEN FRUIT
F16400632,ΠΟΥΛΠΑ-ΠΟΥΡΕΣ ΚΤΨ ΚΟΥΜΚΟΥΑΤ RAVIFRUIT (1KG),Kilogram,3.000 ,F160 FROZEN FRUIT
F16000060,ΠΟΥΛΠΑ-ΠΟΥΡΕΣ ΚΤΨ ΜΑΝΓΚΟ 90% ANDROS (1KG),Container,10.000 ,F160 FROZEN FRUIT
F16400639,ΠΟΥΛΠΑ-ΠΟΥΡΕΣ ΚΤΨ ΠΡΑΣΙΝΟ ΜΗΛΟ RAVIFRUIT (1KG),Kilogram,1.000 ,F160 FROZEN FRUIT
F16400640,ΠΟΥΛΠΑ-ΠΟΥΡΕΣ ΚΤΨ ΡΟΔΑΚΙΝΟ  RAVIFRUIT,Kilogram,6.000 ,F160 FROZEN FRUIT
F16000090,ΠΟΥΛΠΑ-ΠΟΥΡΕΣ ΚΤΨ ΣΥΚΟ 90% ANDROS (1KG),Container,0.500 ,F160 FROZEN FRUIT
F16000058,ΠΟΥΛΠΑ-ΠΟΥΡΕΣ ΚΤΨ ΦΡΑΟΥΛΑ 90% ANDROS (1KG),Container,13.000 ,F160 FROZEN FRUIT
F16000061,ΠΟΥΛΠΑ-ΠΟΥΡΕΣ ΚΤΨ ΦΡΟΥΤΑ ΤΟΥ ΠΑΘΟΥΣ 90% ANDROS (1KG),Container,6.200 ,F160 FROZEN FRUIT
F1600003,ΦΡΑΟΥΛΕΣ ΚΤΨ AGRIFREDA,Kilogram,10.000 ,F160 FROZEN FRUIT
F16000121,ΦΡΑΟΥΛΕΣ ΚΤΨ MUBARAK,Kilogram,40.000 ,F160 FROZEN FRUIT
F16000152,ΦΡΟΥΤΑ ΤΟΥ ΔΑΣΟΥΣ ΚΤΨ FOREST FRUIT ARDO,Kilogram,20.000 ,F160 FROZEN FRUIT
F1610055,GOMA WAKAME SALAD ΚΤΨ (1KG) DARUMA,Kilogram,8.000 ,F161 FROZEN VEGETABLES
F1610165,ΑΡΑΚΑΣ ΚΤΨ ΜΠΑΡΜΠΑΣΤΑΘΗΣ (1KG),Packet,2.000 ,F161 FROZEN VEGETABLES
F1610174,ΓΛΥΚΟΠΑΤΑΤΑ ΚΤΨ MCCAIN (2.5KG),Kilogram,20.000 ,F161 FROZEN VEGETABLES
F16100223,ΜΑΥΡΗ ΤΡΟΥΦΑ ΚΤΨ EXTRA ΠΟΙΟΤΗΤΑ FOREST GARDEN,Kilogram,0.999 ,F161 FROZEN VEGETABLES
F1610077,ΠΑΤΑΤΑ ΚΤΨ ΚΡΕΜΜΥΔΙ / PAILLASSON (ORIGINAL CHOICE) MCCAIN,Kilogram,18.000 ,F161 FROZEN VEGETABLES
F1610175,ΦΑΣΟΛΑΚΙΑ ΚΤΨ ΣΤΡΟΓΓΥΛΑ ΜΠΑΡΜΠΑΣΤΑΘΗΣ (1KG),Packet,3.000 ,F161 FROZEN VEGETABLES
F1620212,DONUTS MINI ΚΤΨ HAPPY RING ΡΟΖ ΖΕΩ (60*15-18G),Piece,120.000 ,F162 FROZEN BAKED GOODS
F1620209,DONUTS MINI ΚΤΨ HAPPY RING ΣΟΚΟΛΑΤΑ ΖΕΩ (60*15-18G),Piece,120.000 ,F162 FROZEN BAKED GOODS
F13101046,DONUTS MINI ΚΤΨ ΜΠΕΝΙΕ (BEGNIET) ΚΟΚΚΙΝΑ ΦΡΟΥΤΑ BAKE HELLAS (105*25G),Piece,210.000 ,F162 FROZEN BAKED GOODS
F16200895,DONUTS ΚΤΨ COOKIES ΜΕ ΚΡΕΜΑ ΡΟΔΟΥΛΑ (36*75G),Box,2.000 ,F162 FROZEN BAKED GOODS
F16200896,DONUTS ΚΤΨ ΦΡΑΟΥΛΑ ΡΟΔΟΥΛΑ (36*70G),Box,1.000 ,F162 FROZEN BAKED GOODS
F1620397,PANINIZEO ΚΤΨ BURGER BOY ΖΕΩ (30*90G),Piece,30.000 ,F162 FROZEN BAKED GOODS
F16201109,PATATU BUN ΚΤΨ ΖΕΩ (48*80G),Piece,96.000 ,F162 FROZEN BAKED GOODS
F14200385,PINSA ΚΤΨ ROMANA ΣΤΡΟΓΓΥΛΗ Φ25 (15*200G),Piece,60.000 ,F162 FROZEN BAKED GOODS
F13001929,ΒΑΣΗ ΠΙΤΣΑΣ ΚΤΨ NAPOLETANA 30CM ΖΕΩ (10*350G),Piece,30.000 ,F162 FROZEN BAKED GOODS
F16201144,ΒΑΣΗ ΠΙΤΣΑΣ ΚΤΨ ΜΑΡΓΑΡΙΤΑ 25CM ΖΕΩ (10*350G),Piece,30.000 ,F162 FROZEN BAKED GOODS
F16200582,ΒΑΦΛΑ MINI ΚΤΨ ΛΙΕΓΗΣ ΡΟΔΟΥΛΑ (64*35G),Box,2.000 ,F162 FROZEN BAKED GOODS
F16200828,ΚΑΛΤΣΟΥΝΙ ΚΤΨ ΛΥΧΝΑΡΑΚΙ 65G (ΜΥΖΗΘΡΑ-ΑΝΘΟΤΥΡΟ) ΡΟΔΟΥΛΑ (6KG),Box,1.000 ,F162 FROZEN BAKED GOODS
F1620258,ΜΠΑΓΓΕΤΑ ΜΑΣΣΑΛΙΑΣ ΚΤΨ FIRST CLASS (370G),Piece,30.000 ,F162 FROZEN BAKED GOODS
F16201167,ΜΠΑΓΚΕΤΑ ΚΤΨ CHAMPAGNE BLANC Κ556 ΖΕΩ (25*360G),Piece,25.000 ,F162 FROZEN BAKED GOODS
F16201168,ΜΠΑΓΚΕΤΑ ΚΤΨ ΜΠΡΕΤΣΕΛ K099 ΖΕΩ (35*125G),Piece,35.000 ,F162 FROZEN BAKED GOODS
F1620008,ΠΙΤΑ ΕΛΛΗΝΙΚΗ ΚΤΨ 10CM SELECT (320TEM),Piece,320.000 ,F162 FROZEN BAKED GOODS
F1620013,ΦΟΡΜΑ ΤΟΣΤ ΚΤΨ ΛΕΥΚΟ SELECT (5*860G),Packet,30.000 ,F162 FROZEN BAKED GOODS
F1620238,ΦΟΡΜΑ ΤΟΣΤ ΚΤΨ ΛΕΥΚΟ ΓΙΓΑΣ SELECT (1ΚG) (9),Kilogram,15.000 ,F162 FROZEN BAKED GOODS
F1620014,ΦΟΡΜΑ ΤΟΣΤ ΚΤΨ ΜΑΥΡΟ SELECT (12*860G),Packet,15.000 ,F162 FROZEN BAKED GOODS
F1620494,ΦΥΛΛΑ ΖΥΜΗΣ ΚΤΨ BRICK JR LA TUNISIENNE RAYDA (10*170G),Packet,10.000 ,F162 FROZEN BAKED GOODS
F1620391,ΨΩΜΙ BRIOCHE ΚΤΨ ΖΕΩ (100*30G),Piece,200.000 ,F162 FROZEN BAKED GOODS
F1620412,ΨΩΜΙ ΚΤΨ BAGEL ΖΕΩ (40*90G),Piece,40.000 ,F162 FROZEN BAKED GOODS
F14100604,ΨΩΜΙ ΚΤΨ FOCACCIA 60*40CM ΖΕΩ (5*1800G),Box,1.000 ,F162 FROZEN BAKED GOODS
F16300107,ΖΥΜΑΡΙΚΑ ΚΤΨ ΧΕΙΡΟΠΟΙΗΤΑ ΠΙΛΜΕΝΙ ΜΕ ΚΙΜΑ ΜΟΣΧΟΥ CANUTI,Kilogram,8.000 ,F163 FROZEN PASTA
F1640203,ΠΑΓΩΤΟ ΒΑΝΙΛΙΑ CHOCOCREAM COOKIES KAYAK (3KG),Kilogram,6.000 ,F164 ICE CREAM
F1640307,ΠΑΓΩΤΟ ΒΑΝΙΛΙΑ KAYAK (3KG),Kilogram,7.440 ,F164 ICE CREAM
F1640432,ΠΑΓΩΤΟ ΒΑΝΙΛΙΑ ΔΕΛΤΑ (5L),Container,2.000 ,F164 ICE CREAM
F16400792,ΠΑΓΩΤΟ ΓΡΑΝΙΤΑ PIRULO COOL ΦΡΑΟΥΛΑ FRONERI (24*99ML),Box,1.000 ,F164 ICE CREAM
F16400650,ΠΑΓΩΤΟ ΚΑΡΑΜΕΛΑ ΔΕΛΤΑ (5L),Container,1.000 ,F164 ICE CREAM
F16400651,ΠΑΓΩΤΟ ΜΠΑΝΑΝΑ ΔΕΛΤΑ (5L),Container,1.000 ,F164 ICE CREAM
F1640237,ΠΑΓΩΤΟ ΣΟΚΟΛΑΤΑ KAYAK (3KG),Kilogram,6.000 ,F164 ICE CREAM
F1640430,ΠΑΓΩΤΟ ΣΟΚΟΛΑΤΑ ΔΕΛΤΑ (5L),Container,2.000 ,F164 ICE CREAM
F1640359,ΠΑΓΩΤΟ ΦΡΑΟΥΛΑ KAYAK (3KG),Kilogram,6.000 ,F164 ICE CREAM
F1640429,ΠΑΓΩΤΟ ΦΡΑΟΥΛΑ ΔΕΛΤΑ (5L),Container,2.000 ,F164 ICE CREAM
F17200380,ΑΡΝΙΣΙΑ ΚΟΚΚΑΛΑ ΟΣΤΑ ΚΤΨ VESTA FOODS,Kilogram,200.620 ,F170 FROZEN MEAT
F17000807,ΑΡΝΙΣΙΑ ΠΑΪΔΑΚΙΑ ΚΤΨ Μ/Ο ΓΑΛΛΙΚΗΣ ΚΟΠΗΣ ΝΕΑΣ ΖΗΛΑΝΔΙΑΣ SILVER FERN FARMS,Kilogram,19.780 ,F170 FROZEN MEAT
F1700052,ΑΡΝΙΣΙΑ ΧΕΡΑΚΙΑ ΓΑΛΑΚΤΟΣ ΚΤΨ M/O ΕΓΧΩΡΙΑ VESTA FOODS,Kilogram,126.040 ,F170 FROZEN MEAT
F1700180,ΜΟΣΧΟΥ ΓΑΛΑΚΤΟΣ ΓΛΥΚΑΔΙΑ ΚΤΨ (BEEF/VEAL SWEET BREADS),Kilogram,2.000 ,F170 FROZEN MEAT
F1700100,ΜΟΣΧΟΥ ΜΑΓΟΥΛΑ ΚΤΨ (BEEF CHEEKS),Kilogram,4.000 ,F170 FROZEN MEAT
F17000964,ΜΟΣΧΟΥ ΠΙΚΑΝΙΑ Α/Ο ΚΤΨ (PICANHA BONELESS) WAGYU A5 SET AKUNE GOLD,Kilogram,5.600 ,F170 FROZEN MEAT
F17000965,ΜΟΣΧΟΥ ΦΙΛΕΤΟ ΚΤΨ WAGYU A5 ΙΑΠΩΝΙΑΣ AKUNE GOLD,Kilogram,3.350 ,F170 FROZEN MEAT
F17000345,ΜΠΙΦΤΕΚΙ ΦΥΤΙΚΟ ΚΤΨ ESTI (ΣΥΣΚΕΥΑΣΙΑ 2ΤΜΧ) ΥΦΑΝΤΗΣ (110G),Packet,12.000 ,F170 FROZEN MEAT
F17000559,ΧΟΙΡΙΝΟ ΚΤΨ SECRETO IBERICO Α/Ο JOSELITO,Kilogram,3.000 ,F170 FROZEN MEAT
F1710101,ΚΟΤΟΠΟΥΛΟ ΚΤΨ ΚΟΚΚΑΛΑ ΟΣΤΑ ΚΑΡΚΑΣΕΣ ΝΙΤΣΙΑΚΟΣ,Kilogram,10.000 ,F171 FROZEN POULTRY
F17100196,ΚΟΤΟΠΟΥΛΟ ΚΤΨ ΚΟΚΚΑΛΑ ΟΣΤΑ ΚΑΡΚΑΣΕΣ ΠΙΝΔΟΣ,Kilogram,150.950 ,F171 FROZEN POULTRY
F1710048,ΚΟΤΟΠΟΥΛΟ ΚΤΨ ΜΠΟΥΚΙΕΣ ΠΑΝΕ (ΚΑΘΑΡΟ ΦΙΛΕΤΟ),Kilogram,12.000 ,F171 FROZEN POULTRY
F1710049,ΚΟΤΟΠΟΥΛΟ ΚΤΨ ΜΠΟΥΚΙΕΣ ΠΑΝΕ (ΚΑΘΑΡΟ ΦΙΛΕΤΟ) HANA,Kilogram,24.000 ,F171 FROZEN POULTRY
F17100222,ΚΟΤΟΠΟΥΛΟ ΚΤΨ ΟΛΟΚΛΗΡΟ Μ/Ο - Μ/Δ (MINI - ΝΑΝΑΚΙ) ΓΑΛΛΙΑΣ ΙΟΡΔΑΝΗΣ ΠΑΠΑΔΟΠΟΥΛΟΣ (500-550G),Kilogram,20.250 ,F171 FROZEN POULTRY
F1710078,ΠΑΠΙΑ ΚΤΨ ΣΥΚΩΤΙ ΟΛΟΚΛΗΡΟ (FOIE GRAS) RESTAURATION ROUGIE (+500G),Kilogram,2.696 ,F171 FROZEN POULTRY
F17100373,ΠΑΠΙΑ ΣΥΚΩΤΙ ΚΤΨ ESCALOPE ROUGIE FOIE GRAS PALMILORD ΦΕΤΕΣ ROUGIE FRANCE (40/60G),Kilogram,6.000 ,F171 FROZEN POULTRY
F1720119,ΜΟΣΧΟΥ ΚΙΜΑΣ ΝΩΠΟΣ ΑΠΟ ΛΑΠΑ (80% ΜΟΣΧΑΡΙ ΓΑΛΛΙΑΣ  20% BLACK ANGUS),Kilogram,20.000 ,F172 FRESH MEAT
F1720018,ΜΟΣΧΟΥ ΚΙΜΑΣ ΝΩΠΟΣ ΑΠΟ ΛΑΠΑ (MINCEMEAT PLATE & FLANK),Kilogram,20.020 ,F172 FRESH MEAT
F17200456,ΜΟΣΧΟΥ ΚΟΚΚΑΛΑ ΝΩΠΑ,Kilogram,62.360 ,F172 FRESH MEAT
F17200482,ΜΟΣΧΟΥ ΚΟΚΚΑΛΑ ΝΩΠΑ ΜΕ ΚΡΕΑΣ (ΓΙΑ ΖΩΜΟ) ΙΟΡΔΑΝΗΣ ΠΑΠΑΔΟΠΟΥΛΟΣ,Kilogram,83.100 ,F172 FRESH MEAT
F1720076,ΜΟΣΧΟΥ ΟΥΡΑ ΝΩΠΗ Μ/Ο,Kilogram,20.440 ,F172 FRESH MEAT
F17200363,ΜΟΣΧΟΥ ΣΠΑΛΟΜΠΡΙΖΟΛΑ ΝΩΠΗ ΜΑΤΙ Α/Ο (RIB EYE BONELESS) ΟΥΡΟΥΓΟΥΑΗΣ,Kilogram,14.000 ,F172 FRESH MEAT
F17200515,ΜΟΣΧΟΥ ΦΙΛΕΤΟ ΚΟΝΤΡΑ ΝΩΠΟ STRIPLOIN WAGYU A5 ΙΑΠΩΝΙΑΣ BMS 8 OZAKI MIYAZAKI,Kilogram,1.480 ,F172 FRESH MEAT
F17200488,ΜΟΣΧΟΥ ΧΤΕΝΙ ΝΩΠΟ Α/Ο ΓΑΛΛΙΑΣ,Kilogram,6.910 ,F172 FRESH MEAT
F1730013,ΚΟΤΟΠΟΥΛΟ ΚΟΚΚΑΛΑ - ΟΣΤΑ - ΚΑΡΚΑΣΕΣ ΝΩΠΑ,Kilogram,52.435 ,F173 FRESH POULTRY
F1730041,ΚΟΤΟΠΟΥΛΟ ΝΩΠΟ ΟΛΟΚΛΗΡΟ ΒΙΟΛΟΓΙΚΟ Μ/Ο - Μ/Δ (+1300G),Kilogram,23.450 ,F173 FRESH POULTRY
F1730018,ΚΟΤΟΠΟΥΛΟ ΝΩΠΟ ΟΛΟΚΛΗΡΟ ΕΛΕΥΘΕΡΑΣ ΒΟΣΚΗΣ Μ/Ο - Μ/Δ (+1300G),Kilogram,41.660 ,F173 FRESH POULTRY
F1730001,ΚΟΤΟΠΟΥΛΟ ΦΙΛΕΤΟ ΝΩΠΟ ΣΤΗΘΟΣ Α/Ο Α/Δ,Kilogram,56.320 ,F173 FRESH POULTRY
F1720139,ΜΟΣΧΟΥ ΚΙΜΑΣ ΝΩΠΟΣ ΑΠΟ ΛΑΠΑ (MINCEMEAT PLATE & FLANK) BLACK ANGUS ΑΜΕΡΙΚΗΣ,Kilogram,20.000 ,F174 FRESH PREMIUM MEAT
F1720265,ΜΟΣΧΟΥ ΦΙΛΕΤΟ ΝΩΠΟ ΧΩΡΙΣ ΠΑΡΑΦΙΛΕΤΟ (FILET & TENDERLOIN CHAIN OFF) BLACK ANGUS ΟΥΡΟΥΓΟΥΑΗΣ,Kilogram,54.440 ,F174 FRESH PREMIUM MEAT
F18000725,ΑΣΤΑΚΟΣ ΚΤΨ ΟΥΡΑ & ΔΑΓΚΑΝΕΣ ΑΠΟΦΛ. FAO27 5DO (150-170G),Piece,100.000 ,F180 FROZEN SEAFOOD
F18000907,ΓΑΡΙΔΑ ΚΤΨ BLACK TIGER 16/20 TAIL ON (ΑΠΟΦΛΟΙΩΜΕΝΗ) (PENAEUS MONODON) ΥΔΑΤΟΚΑΛΛΙΕΡΓΕΙΑΣ FORSTAR ΙΝΔΟΝΗΣΙΑ/ΜΠΑΝΓΚΛΑΝΤΕΣ,Kilogram,20.000 ,F180 FROZEN SEAFOOD
F18001156,ΓΑΡΙΔΑ ΚΤΨ ΚΟΚΚΙΝΗ ΚΟΙΛΑΔΟΣ ΜΕΓΑΛΟΥ ΜΕΓΕΘΟΥΣ HEAD ON - TAIL ON (PENAEUS MONODON) ΑΦΟΙ ΛΑΣΚΑΡΑΤΟΥ FAO 37,Kilogram,16.000 ,F180 FROZEN SEAFOOD
F18001336,"ΚΑΒΟΥΡΟΠΟΔΑΡΑ ΚΤΨ KING CRAB 1100+ ΡΩΣΙΑΣ (MAJA SP., PORTUNUS SP.) GOLDEN FAO 27 (4L)",Kilogram,20.000 ,F180 FROZEN SEAFOOD
F1800037,ΚΑΛΑΜΑΡΙ ΚΤΨ U10 ΦΟΡΜΟΖΗΣ (LOLIGO CHINENSIS)  FAO 61 TONG PAO,Kilogram,72.000 ,F180 FROZEN SEAFOOD
F18000500,ΚΑΛΑΜΑΡΙ ΚΤΨ ΟΛΟΚΛΗΡΟ ΜΑΡΟΚΟΥ 0% (LOLIGO VULGARIS) ONDAMAR AGADIR-MAROC FAO 34 (800-1000G),Kilogram,60.000 ,F180 FROZEN SEAFOOD
F18001623,ΤΟΝΟΣ ΚΤΨ BLUEFIN CHUTORO CARPACCIO JAPAN GRADE SUPERFROZEN ARROM (6KG),Kilogram,3.034 ,F180 FROZEN SEAFOOD
F1800052,ΧΤΑΠΟΔΙ ΚΤΨ Τ3 2/3 ΜΑΡΟΚΟΥ (OCTAPUS VULGARIS) FAO 34,Kilogram,61.590 ,F180 FROZEN SEAFOOD
F1800309,ΨΑΡΟΚΡΟΚΕΤΕΣ ΚΤΨ FISH STICKS  FAO27 (450G) CAPTAIN IGLO,Packet,20.000 ,F180 FROZEN SEAFOOD
F1810108,ΑΧΙΒΑΔΑ ΦΡΕΣΚΙΑ ΟΛΟΚΛΗΡΗ ΖΩΝΤΑΝΗ (VENUS VERRUCOSA) MEGA OSTRAKON FAO 37,Kilogram,2.000 ,F181 FRESH SEAFOOD
F1810069,ΓΑΡΙΔΑ ΝΩΠΗ Α,Kilogram,6.250 ,F181 FRESH SEAFOOD
F18100272,ΚΑΡΑΒΙΔΑ ΝΩΠΗ ΙΧΘΥΟΣΚΑΛΑ (NEPHROPS NORVEGICUS) ΑΑ 7/9 FAO 37,Kilogram,123.300 ,F181 FRESH SEAFOOD
F18100273,ΚΑΡΑΒΙΔΑ ΝΩΠΗ ΙΧΘΥΟΣΚΑΛΑ (NEPHROPS NORVEGICUS) ΑΒ 10/12 FAO 37,Kilogram,21.450 ,F181 FRESH SEAFOOD
F18100274,ΚΑΡΑΒΙΔΑ ΝΩΠΗ ΙΧΘΥΟΣΚΑΛΑ (NEPHROPS NORVEGICUS) ΒΑ 15/20 FAO 37,Kilogram,6.850 ,F181 FRESH SEAFOOD
F1810005,ΚΥΔΩΝΙΑ ΦΡΕΣΚΑ (VENUS VERRUCOSA) MEGA OSTRAKON FAO 37,Kilogram,3.000 ,F181 FRESH SEAFOOD
F1810137,ΜΥΔΙΑ ΝΩΠΑ ΜΕ ΚΕΛΥΦΟΣ ΚΑΘΑΡΙΣΜΕΝΑ ΙΧΘΥΟΣΚΑΛΑ (MYTILUS GALLOPROVINCIALIS) FAO 37,Kilogram,3.000 ,F181 FRESH SEAFOOD
F18100200,ΣΤΡΕΙΔΙΑ ΦΡΕΣΚΑ Νο2 (1012PCS/KG) MEGA OSTRAKON FAO 27,Kilogram,3.000 ,F181 FRESH SEAFOOD
F1810109,ΧΤΕΝΙΑ ΦΡΕΣΚΑ (SCALLOPS) BLACK PEARL ΑΜΕΡΙΚΗΣ,Kilogram,6.000 ,F181 FRESH SEAFOOD
F18200288,ΑΝΤΖΟΥΓΙΑ ΦΙΛΕΤΟ ΙΣΠΑΝΙΑΣ ΣΕ ΕΛΑΙΟΛΑΔΟ (450G) ΟΡΤΙΖ,Jar,3.000 ,F182 SMOKED & BRINED SEAFOOD
F18200367,ΑΝΤΖΟΥΓΙΕΣ ΦΙΛΕΤΟ ΣΕ ΛΑΔΙ HELLAS MEZE (1.8KG),CAN,1.000 ,F182 SMOKED & BRINED SEAFOOD
F18200327,ΤΟΝΟΣ ΤΕΜΑΧΙΣΜΕΝΟΣ ΣΕ ΗΛΙΕΛΑΙΟ DEMETRA (1KG),CAN,5.000 ,F182 SMOKED & BRINED SEAFOOD
F18300132,KIMCHI ΚΤΨ WANG (410G),Packet,4.000 ,F183 ASIAN FROZEN FOOD
F1830036,ΦΑΣΟΛΙΑ ΣΟΓΙΑΣ ΚΤΨ (EDAMAME GREEN BLANCED PEELED) GLOBE GOURMET (500G),Packet,6.000 ,F183 ASIAN FROZEN FOOD
F1510176,ΦΥΚΙΑ TOSAKA ΚΤΨ NORI GREEN,Kilogram,1.000 ,F183 ASIAN FROZEN FOOD
F18300152,ΦΥΛΛΑ WONTON ΚΤΨ 110MM HAPPY BELLY (30*300G),Packet,60.000 ,F183 ASIAN FROZEN FOOD
F1810017,ΓΑΥΡΟΣ ΝΩΠΟΣ ΕΛΛΗΝΙΚΟΣ (ENGRAULIS ENCRASICOLUS) FAO 37,Kilogram,2.000 ,F184 FRESH FISH
F18100245,ΓΛΩΣΣΕΣ ΝΩΠΕΣ (SOLEA SOLEA) ΓΑΛΛΙΑΣ FAO 27,Kilogram,3.400 ,F184 FRESH FISH
F1810049,ΓΛΩΣΣΕΣ ΝΩΠΕΣ (SOLEA VULGARIS) FAO 37,Kilogram,8.800 ,F184 FRESH FISH
F1810162,ΛΑΒΡΑΚΙΑ ΝΩΠΑ ΙΧΘΥΟΤΡΟΦΕΙΟΥ 1000/1500 (DICENTRARCHUS LABRAX) FAO 37,Kilogram,3.350 ,F184 FRESH FISH
F1810189,ΛΑΒΡΑΚΙΑ ΝΩΠΑ ΙΧΘΥΟΤΡΟΦΕΙΟΥ 1500/2000 (DICENTRARCHUS LABRAX) FAO 37,Kilogram,6.700 ,F184 FRESH FISH
F1810157,ΛΑΒΡΑΚΙΑ ΝΩΠΑ ΙΧΘΥΟΤΡΟΦΕΙΟΥ 2000/3000 (DICENTRARCHUS LABRAX) FAO 37,Kilogram,27.520 ,F184 FRESH FISH
F1810183,ΛΑΒΡΑΚΙΑ ΝΩΠΑ ΙΧΘΥΟΤΡΟΦΕΙΟΥ 400/600 (DICENTRARCHUS LABRAX) FAO 37,Kilogram,30.500 ,F184 FRESH FISH
F1810052,ΜΑΓΙΑΤΙΚΟ ΝΩΠΟ ΙΧΘΥΟΣΚΑΛΑ (SERIOLA DUMERILI) FAO 37,Kilogram,29.200 ,F184 FRESH FISH
F1810035,ΜΥΛΟΚΟΠΙ ΝΩΠΟ ΙΧΘΥΟΤΡΟΦΕΙΟΥ (UMBRINA CIRROSA) FAO 37,Kilogram,6.500 ,F184 FRESH FISH
F18100238,ΜΥΛΟΚΟΠΙ ΝΩΠΟ ΙΧΘΥΟΤΡΟΦΕΙΟΥ 2000+ (ARGYROSOMUS REGIUS) FAO 37,Kilogram,21.800 ,F184 FRESH FISH
F18100206,ΣΟΛΟΜΟΣ ΝΩΠΟΣ ΦΙΛΕΤΟ Μ/Δ (SALMO SALAR) ΥΔΑΤΟΚΑΛΛΙΕΡΓΕΙΑΣ ΔΑΝΙΑ/ΝΟΡΒΗΓΙΑ,Kilogram,63.310 ,F184 FRESH FISH
F1810150,ΦΑΓΚΡΙΑ ΝΩΠΑ ΙΧΘΥΟΤΡΟΦΕΙΟΥ 400/600 (PAGRUS PAGRUS) FAO 37,Kilogram,5.400 ,F184 FRESH FISH
F1810024,ΨΑΡΙΑ ΝΩΠΑ ΒΡΑΣΤΑ ΕΛΛΗΝΙΚΑ (VARIOUS SPECIES) FAO 37,Kilogram,60.000 ,F184 FRESH FISH
F1820284,ΑΥΓΑ ΠΕΣΤΡΟΦΑΣ TROUT ROE (ONCORHYNCHUS MYKISS) (100G),Jar,12.000 ,F185 FISH ROE & CAVIAR
F1820121,ΑΥΓΟΤΑΡΑΧΟ ΜΕΣΟΛΟΓΓΙΟΥ ΤΡΙΜΜΑ TRIKALINOS (50G),Jar,1.000 ,F185 FISH ROE & CAVIAR
F18200345,ΧΑΒΙΑΡΙ KRISTAL (ACIPENSER SCHRENCKII X HUSO DAURICUS) KAVIARI (100G),CAN,4.000 ,F185 FISH ROE & CAVIAR
F18200397,ΧΑΒΙΑΡΙ OSCIETRE PRESTIGE KAVIARI (125G),CAN,4.000 ,F185 FISH ROE & CAVIAR
F18001211,ΣΟΛΟΜΟΣ ΚΤΨ ΚΑΠΝΙΣΤΟΣ SUPERIOR SLICED BY HAND (SALMO SALAR) ROYAL ΥΔΑΤΟΚΑΛΛΙΕΡΓΕΙΑΣ ΔΑΝΙΑ/ΝΟΡΒΗΓΙΑ,Kilogram,20.056 ,F186 FROZEN FISH
F2000035,ΚΑΦΕΣ ESPRESSO ILLY ΑΛΕΣΜΕΝΟΣ DECAFFEINE (250G),Container,3.000 ,F200 COFEE & CHOCOLATE
F2000004,ΚΑΦΕΣ ESPRESSO ILLY ΣΠΥΡΙ 3KG,Kilogram,11.000 ,F200 COFEE & CHOCOLATE
F2000032,ΚΑΦΕΣ NESCAFE ΧΥΜΑ (2.75KG),Packet,0.150 ,F200 COFEE & CHOCOLATE
F2000031,ΚΑΦΕΣ ΓΑΛΛΙΚΟΣ JACOBS KRONUNG,Kilogram,0.770 ,F200 COFEE & CHOCOLATE
F2000055,ΚΑΦΕΣ ΕΛΛΗΝΙΚΟΣ ΛΟΥΜΙΔΗ (500G),Packet,0.500 ,F200 COFEE & CHOCOLATE
F2000144,ΣΟΚΟΛΑΤΑ ΡΟΦΗΜΑ ΖΕΣΤΗ CHOCOLANELLE 1KG,Kilogram,0.504 ,F200 COFEE & CHOCOLATE
F2010058,ΤΣΑΙ LOOSE TEA PURE CAMOMILE (100G),Packet,0.600 ,F201 TEA
F2010192,ΤΣΑΙ ΤΟΥ ΒΟΥΝΟΥ (100G),Packet,0.100 ,F201 TEA
F2100122,ΠΡΑΣΙΝΟ ΤΣΑΙ ΜΕ ΡΟΔΙ MANGAJO (250ML),Bottles,5.000 ,F201 TEA
F2210064,ΝΕΡΟ ΣΟΥΡΩΤΗ ΑΝΘΡΑΚΟΥΧΟ ΦΥΣΙΚΟ ΜΕΤΑΛΛΙΚΟ ΦΙΑΛΗ ΜΙΑΣ ΧΡΗΣΕΩΣ (12*750ML),Bottles,72.000 ,F221 CARBONATED & AROMATIC WATER
F22200009,ΠΑΓΟΣ ΣΑΚΟΥΛΑ MASTERICE (5KG),Sack,16.000 ,F222 ICE
F2300006,ΧΥΜΟΣ APPLE PAGO (200ML),Bottles,8.000 ,F230 JUICE
F2300112,ΧΥΜΟΣ PEACH PAGO (200ML),Bottles,1.000 ,F230 JUICE
F23000356,ΧΥΜΟΣ YUZU UNSALTED YUZUYA SHIHOKU MEIJI (12*720ML),Bottles,2.000 ,F230 JUICE
F23000268,ΧΥΜΟΣ ΜΗΛΟ VIVA 12ΤΕΜ (1L),Carton,2.500 ,F230 JUICE
F24001566,ASTIR X ΜΑΤΙ FORTUNA CABERNET SAUVIGNON ΕΡΥΘΡΟ (750ML),Bottles,66.000 ,F240 RED WINE
F2400003,BOUTARI ΑΓΙΩΡΓΙΤΙΚΟ ΕΡΥΘΡΟ (750ML),Bottles,72.000 ,F240 RED WINE
F2400097,LA TOUR MELAS CYRUS ONE CABERNET FRANC - MERLOT ΕΡΥΘΡΟ (750ML),Bottles,6.000 ,F240 RED WINE
F24002167,SPAIN SANDEMAN ROYAL AMBROSANTE PEDRO XIMENEZ JEREZ DO SWEET (500ML),Bottles,1.000 ,F240 RED WINE
F2401088,ΑΠΕΛΙΑ XYMA ΕΡΥΘΡΟ (5L),Bottles,4.000 ,F240 RED WINE
F2410957,ΒΑΣΑΛΤΗ ΑΣΥΡΤΙΚΟ ΣΑΝΤΟΡΙΝΗΣ ΛΕΥΚΟ (750ML),Bottles,9.000 ,F241 WHITE WINE
F2410888,ΕΛΛΗΝΙΚΑ ΚΕΛΛΑΡΙΑ ΑΠΕΛΙΑ ΛΕΥΚΟ ΧΥΜΑ (5L),Liter,20.000 ,F241 WHITE WINE
F2411227,ΝΕΕΣ ΧΩΡΕΣ ΑΚΡΑΘΟΣ ΑΣΣΥΡΤΙΚΟ ΛΕΥΚΟ (750ML),Bottles,18.000 ,F241 WHITE WINE
F2411201,ΝΕΕΣ ΧΩΡΕΣ ΑΚΡΑΘΟΣ ΟΡΟΣ ΛΕΥΚΟ (750ML),Bottles,12.000 ,F241 WHITE WINE
F24300308,FRANCE VEUVE DE VERNAY BRUT ΑΦΡΩΔΗΣ ΛΕΥΚΟ (750ML),Bottles,8.000 ,F243 SPARKLING WINE
F2500040,BV LAND CHERRY BRANDY 20% (700ML),Bottles,0.210 ,F250 LIQUER
F25000329,LIQUEUR BRIOTTET DE KUMQUAT 18% (700ML),Bottles,1.000 ,F250 LIQUER
F25100491,NOILLY PRAT VERMOUTH (750ML),Bottles,4.000 ,F251 APERITIF
F25100466,SAKE ΙΑΠΩΝΙΚΟ ASAHI SHUZOU DASSAI 45 (300ML),Bottles,6.000 ,F251 APERITIF
F2510015,SANDEMAN PORTO ΕΡΥΘΡΟ (700ML),Bottles,7.000 ,F251 APERITIF
F1300252,MAPLE SYRUP AKTINA (5L),Container,1.000 ,F271 MIXERS & SWEETENERS
F1300010,MAPLE SYRUP VERTMONT (250ML),Bottles,2.000 ,F271 MIXERS & SWEETENERS
F2700094,ΣΙΡΟΠΙ ALMOND MONIN (1L),Bottles,0.500 ,F271 MIXERS & SWEETENERS
F2700172,ΣΙΡΟΠΙ CHERRY GIFFARD (1L),Bottles,1.000 ,F271 MIXERS & SWEETENERS
F2700136,ΣΙΡΟΠΙ CHOCOLATE MONIN (700ML),Bottles,0.570 ,F271 MIXERS & SWEETENERS
F2700062,ΣΙΡΟΠΙ ELDERFLOWER MONIN (700ML),Bottles,0.430 ,F271 MIXERS & SWEETENERS
F1300715,ΣΙΡΟΠΙ ΣΦΕΝΔΑΜΟΥ VERTMONT (1L),Bottles,6.000 ,F271 MIXERS & SWEETENERS
F2840038,RUM HAVANA SELECCION DE MAESTROS 40% (700ML),Bottles,1.000 ,F284 RUM
F2870007,METAXA 7* (700ML),Bottles,1.570 ,F287 BRANDY
F3000005,ΑΛΟΥΜΙΝΟΧΑΡΤΟ 30cm * 100m,Piece,6.000 ,F300 MISCELLANEOUS
F3000055,ΑΜΠΟΥΛΑ ΣΑΝΤΙΓΥ 10ΤΕΜ,Piece,16.000 ,F300 MISCELLANEOUS
F30001081,ΚΑΡΒΟΥΝΑ KASAI SUMI BINCHO SOUSVIDE TOOLS (10KG),Box,2.000 ,F300 MISCELLANEOUS
F3000584,ΚΑΡΒΟΥΝΟ ΜΠΡΙΚΕΤΑ Α',Kilogram,60.000 ,F300 MISCELLANEOUS
F3000356,ΛΑΜΑΡΙΝΑ ΑΛΟΥΜΙΝΙΟΥ,Piece,4.000 ,F300 MISCELLANEOUS
F30000751,ΟΔΟΝΤΟΓΛΥΦΙΔΑ COCKTAIL BABOO ΜΕΓΑΛΗ ΜΕ ΦΙΟΓΚΑΚΙ 12CM*200ΤΕΜ,Packet,7.000 ,F300 MISCELLANEOUS
F3000640,ΟΔΟΝΤΟΓΛΥΦΙΔΑ ΚΟΥΠΙ 15CM 100ΤΕΜ,Packet,4.000 ,F300 MISCELLANEOUS
F3000165,ΟΔΟΝΤΟΓΛΥΦΙΔΑ ΚΟΥΠΙ ΜΙΚΡΗ 12CM*200ΤΕΜ,Packet,25.000 ,F300 MISCELLANEOUS
F3000198,ΣΑΚΟΥΛΑ ΣΑΝΤΙΓΥ ΜΙΑΣ ΧΡΗΣΕΩΣ 55CM THERM (100ΤΕΜ),Packet,6.500 ,F300 MISCELLANEOUS
F3000194,ΣΠΑΓΓΟΣ ΚΟΥΒΑΡΙ,Piece,110.000 ,F300 MISCELLANEOUS
F3020269,ΒΑΣΗ ΤΟΥΡΤΑΣ ΧΑΡΤΙΝΗ ΣΤΡΟΓΓΥΛΗ Φ20,Kilogram,1.600 ,F302 PAPER ITEMS
F30200497,ΚΑΛΑΜΑΚΙΑ ΜΑΥΡΑ ΧΑΡΤΙΝΑ ΝΤΥΜΕΝΑ 1\1 FREDDO 18CM 500ΤΕΜ,Packet,0.500 ,F302 PAPER ITEMS
F30200852,ΚΟΥΤΙ ΠΑΣΤΑΣ ΧΑΡΤΙΝΟ ΛΕΥΚΟ ΝO 15 ΙΩΑΚΕΙΜΙΔΗΣ (25*25*8CM),Kilogram,10.000 ,F302 PAPER ITEMS
F3020192,ΠΑΝΙ ΠΟΛΛΑΠΛΗΣ ΧΡΗΣΗΣ ΧΑΡΤΙΝΟ TORK CHEF 60ΤΕΜ,Packet,3.900 ,F302 PAPER ITEMS
F3020393,ΡΙΖΟΧΑΡΤΟ ΚΑΦΕ ΕΙΔΙΚΗ ΔΙΑΣΤΑΣΗ,Kilogram,10.000 ,F302 PAPER ITEMS
F3020279,ΧΑΡΤΙ ΑΝΤΙΚΟΛΛΗΤΙΚΟ 40*60CM 500ΤΕΜ,Packet,3.500 ,F302 PAPER ITEMS
F30200763,ΧΑΡΤΙ ΚΟΥΖΙΝΑΣ ΓΙΑ ΤΟΝΟ SOFT GOH GOH 275MM*240MM (10*150ΤΕΜ),Packet,1.000 ,F302 PAPER ITEMS
F3000218,ΧΑΡΤΟΤΑΙΝΙΑ 50*50,Piece,21.000 ,F302 PAPER ITEMS
F3020087,"ΧΕΙΡΟΠΕΤΣΕΤΑ TORK REFLEX WIPING PAPER PLUS 2ΦΥΛΛΟ 150,8M (BARS) (ΕΝΤΟΣ)",Piece,105.000 ,F302 PAPER ITEMS
F30300493,ΑΥΤΟΚΟΛΛΗΤΕΣ ΘΕΡΜΙΚΕΣ ΕΤΙΚΕΤΕΣ 500 TEM 58*60CM ΡΟΛΟ,Packet,10.000 ,F303 PLASTIC ITEMS
F30300372,ΓΑΝΤΙΑ ΝΙΤΡΙΛΙΟΥ ΜΑΥΡΑ EXTRA LARGE 100ΤΕΜ,Packet,40.000 ,F303 PLASTIC ITEMS
F3030307,ΓΑΝΤΙΑ ΝΙΤΡΙΛΙΟΥ ΜΑΥΡΑ LARGE 100ΤΕΜ,Packet,49.000 ,F303 PLASTIC ITEMS
F30300364,ΓΑΝΤΙΑ ΝΙΤΡΙΛΙΟΥ ΜΑΥΡΑ ΜEDIUM 100ΤΕΜ,Packet,18.000 ,F303 PLASTIC ITEMS
F3030101,ΜΕΜΒΡΑΝΗ 30CM 200M,Piece,40.000 ,F303 PLASTIC ITEMS
F3030167,ΜΕΜΒΡΑΝΗ 43CM 200M,Piece,49.000 ,F303 PLASTIC ITEMS
F3030124,ΣΑΚΟΥΛA ΔΙΑΦΑΝΗΣ VACUUM ΔΙΑΦΟΡΑ ΜΕΓΕΘΗ,Kilogram,39.700 ,F303 PLASTIC ITEMS
F3030044,ΣΑΚΟΥΛΑ VACUUM 20*30CM,Kilogram,29.890 ,F303 PLASTIC ITEMS
F3030038,ΣΑΚΟΥΛΑ VACUUM 25*35CM,Kilogram,34.000 ,F303 PLASTIC ITEMS
F30300517,ΣΑΚΟΥΛΑ ΒΙΟΔΙΑΣΠΩΜΕΝΗ ΑΠΟΡΡΙΜΜΑΤΩΝ STRONG 80*110CM ΦΥΣΙΚΟ ΧΡΩΜΑ 25MIC VARIO (ΡΟΛΟ 20ΤΕΜ),Piece,57.000 ,F303 PLASTIC ITEMS
F30300516,ΣΑΚΟΥΛΑ ΒΙΟΔΙΑΣΠΩΜΕΝΗ ΟΡΓΑΝΙΚΩΝ ΑΠΟΡΡΙΜΜΑΤΩΝ STRONG 70*110CM ΑΠΑΛΟ ΠΡΑΣΙΝΟ 25MIC VARIO (ΡΟΛΟ 25ΤΕΜ),Piece,137.000 ,F303 PLASTIC ITEMS
F3030290,ΣΑΚΟΥΛΑ ΠΛΑΣΤΙΚΗ,Piece,3.000 ,F303 PLASTIC ITEMS
F31000376,ECOLAB MΠΟΥΚΑΛΑΚΙ ΓΙΑ ΠΡΟΪΟΝ KITCHEN PRO GREASELIFT (HOUSEKEEPING) 40003315,Bottles,10.000 ,F310 CLEANING TOOLS
F31000366,ECOLAB ΜΠΟΥΚΑΛΑΚΙ ΓΙΑ KITCHEN PRO DES 40003260,Bottles,10.000 ,F310 CLEANING TOOLS
F31000362,ECOLAB ΨΕΚΑΣΤΗΡΑΣ ΓΙΑ ΣΠΡΕΙ ΑΦΡΟΥ GREASELIFT 40003836,Piece,10.000 ,F310 CLEANING TOOLS
F31000671,ECOLAB ΨΕΚΑΣΤΗΡΑΣ ΠΡΑΣΙΝΟ ΑΣΠΡΟ 40003893,Piece,10.000 ,F310 CLEANING TOOLS
F3100327,VIKAN ΒΟΥΡΤΣΑ ΧΕΙΡΟΣ S 130MM ΣΚΛΗΡΗ ΜΠΛΕ,Piece,8.000 ,F310 CLEANING TOOLS
F31000630,"VIKAN ΚΟΝΤΑΡΙ 151CM Φ3,1CM ΜΠΛΕ ΑΛΟΥΜΙΝΙΟΥ (1ΤΕΜ)",Piece,5.000 ,F310 CLEANING TOOLS
F31000629,"VIKAN ΛΑΣΤΙΧΟ ΔΑΠΕΔΟΥ ΔΙΠΛΟ 40,5CM ΛΕΥΚΟ (1ΤΕΜ)",Piece,1.000 ,F310 CLEANING TOOLS
F31000669,VIKAN ΛΑΣΤΙΧΟ ΔΑΠΕΔΟΥ ΔΙΠΛΟ ΠΕΡΙΣΤΡΕΦΩΜΕΝΟ 60CM ΜΠΛΕ (1ΤΕΜ),Piece,6.000 ,F310 CLEANING TOOLS
F31000631,"VIKAN ΣΤΗΡΙΓΜΑ ΤΟΙΧΟΥ 5 ΘΕΣΕΩΝ 39,5CM ΜΑΥΡΟ (1ΤΕΜ)",Piece,2.000 ,F310 CLEANING TOOLS
F3100010,VILEDA ΕΚΤΟΣ ΚΕΦΑΛΗ ΜΑΠΑΣ ΣΦΟΥΓΓΑΡΙΣΜΑΤΟΣ,Piece,9.000 ,F310 CLEANING TOOLS
F3100012,VILEDA ΕΚΤΟΣ ΚΟΝΤΑΡΙ ΑΛΟΥΜΙΝΙΟΥ 150cm,Piece,2.000 ,F310 CLEANING TOOLS
F3100020,VILEDA ΕΚΤΟΣ ΚΟΝΤΑΡΙ ΣΚΟΥΠΑΣ ΙΤΑΛΙΚΟ ΠΑΣΟ ΓΚΡΙ,Piece,15.000 ,F310 CLEANING TOOLS
F3100321,VILEDA ΕΝΤΟΣ PVAMICRO MAX ΓΚΡΙ,Piece,30.000 ,F310 CLEANING TOOLS
F3100006,VILEDA ΕΝΤΟΣ ΒΟΥΡΤΣΑ ΤΡΙΨΙΜΑΤΟΣ ΔΑΠΕΔΟΥ 30cm,Piece,2.000 ,F310 CLEANING TOOLS
F3100282,VILEDA ΕΝΤΟΣ ΠΑΝΙ ΜΙΚΡΟΙΝΩΝ PVAMICRO ΜΠΛΕ,Piece,40.000 ,F310 CLEANING TOOLS
F3100199,VILEDA ΕΝΤΟΣ ΡΟΛΟ QUICK N DRY ΠΕΡΦΟΡΕ,Piece,14.000 ,F310 CLEANING TOOLS
F3100057,VILEDA ΕΝΤΟΣ ΣΚΟΥΠΑ ΜΑΛΑΚΗ OIKΟΝΟΜΙΚΗ,Piece,3.000 ,F310 CLEANING TOOLS
F3100221,VILEDA ΕΝΤΟΣ ΣΚΟΥΠΑ ΣΚΛΗΡΗ,Piece,8.000 ,F310 CLEANING TOOLS
F3100043,VILEDA ΕΝΤΟΣ ΣΠΟΓΓΟΣ ΕΠΑΓΓ/ΤΙΚΟΣ ΠΡΑΣΙΝΗ&ΜΠΕΖ ΦΙΜΠΡΑ 9*14cm,Piece,115.000 ,F310 CLEANING TOOLS
F3100025,VILEDA ΕΝΤΟΣ ΣΥΡΜΑΤΑΚΙ INOX (40G),Piece,120.000 ,F310 CLEANING TOOLS
F3100027,VILEDA ΕΝΤΟΣ ΦΑΡΑΣΙ LOBBY ΜΕ ΟΡΘΟΣΤΑΤΗ ΟΙΚΟΝΟΜΙΚΟ,Piece,6.000 ,F310 CLEANING TOOLS
F3100039,ΚΟΝΤΑΡΙ ΣΚΟΥΠΑΣ ΞΥΛΙΝΟ,Piece,10.000 ,F310 CLEANING TOOLS
F3100191,ΣΚΟΥΠΑ ΣΚΛΗΡΗ ΧΑΛΙΩΝ Ν103,Piece,11.000 ,F310 CLEANING TOOLS
F3100035,ΥΑΛΟΚΑΘΑΡΙΣΤΗΡΑΣ INOX 35cm,Piece,5.000 ,F310 CLEANING TOOLS
F3100268,ΨΕΚΑΣΤΗΡΑΣ (500ML),Piece,12.000 ,F310 CLEANING TOOLS
F31100401,ΑΠΟΡΡΥΠΑΝΤΙΚΟ ΠΛΥΝΤΗΡΙΟΥ ΠΙΑΤΩΝ WINTERHALTER A140E CRUST CRACKER (10L),Container,0.900 ,F311 DETERGENTS
F31100399,ΑΠΟΡΡΥΠΑΝΤΙΚΟ ΠΛΥΝΤΗΡΙΟΥ ΠΙΑΤΩΝ WINTERHALTER B 220 E SPECIAL RINSE AID (10L),Container,1.900 ,F311 DETERGENTS
F31100398,ΑΠΟΡΡΥΠΑΝΤΙΚΟ ΠΛΥΝΤΗΡΙΟΥ ΠΙΑΤΩΝ WINTERHALTER F420E SPECIAL BISTRO DETERGENT (9.9L),Container,2.000 ,F311 DETERGENTS
F3110071,ΑΠΟΣΜΙΝΗ (425G),Piece,10.000 ,F311 DETERGENTS
F3110279,ΓΥΑΛΙΣΤΙΚΟ ΑΦΑΛΑΤΙΚΟ ΦΟΥΡΝΟΥ ΑΜΠΟΥΛΑ RATIONAL 150TABS,Container,0.100 ,F311 DETERGENTS
F3110306,ΚΑΘΑΡΙΣΤΙΚΟ ΦΟΥΡΝΟΥ RATIONAL 100TABS,Container,0.900 ,F311 DETERGENTS
F31100400,ΤΑΜΠΛΕΤΕΣ ΠΛΥΝΤΗΡΙΟΥ ΠΙΑΤΩΝ WINTERHALTER A15 MC CLEANING 25 TEMAXIA,Container,1.700 ,F311 DETERGENTS
F3130077,ECOLAB ΕΚΤΟΣ COPPER SHINE (HOUSEKEEPING) (500ML),Container,2.000 ,F313 CHEMICAL CLEANING SUPPLIES
F3130007,ECOLAB ΕΚΤΟΣ EPICARE DES (KITCHEN) (6*500ML),Container,18.000 ,F313 CHEMICAL CLEANING SUPPLIES
F3130001,ECOLAB ΕΝΤΟΣ ACTI (KITCHEN) (4*5L),Container,8.000 ,F313 CHEMICAL CLEANING SUPPLIES
F3130026,ECOLAB ΕΝΤΟΣ APEX POWER NC ECOLABEL (KITCHEN) (4*3KG),Container,6.900 ,F313 CHEMICAL CLEANING SUPPLIES
F31300145,ECOLAB ΕΝΤΟΣ ASSERT CLEAN ECOLABEL (KITCHEN) (2*5L),Container,34.000 ,F313 CHEMICAL CLEANING SUPPLIES
F3130003,ECOLAB ΕΝΤΟΣ CHROMOL (KITCHEN) (6*500ML),Container,4.000 ,F313 CHEMICAL CLEANING SUPPLIES
F3130103,ECOLAB ΕΝΤΟΣ KITCHEN PRO DES (KITCHEN) (2*2L),Container,7.000 ,F313 CHEMICAL CLEANING SUPPLIES
F3130093,ECOLAB ΕΝΤΟΣ KITCHEN PRO GREASELIFT (KITCHEN) (2*2L),Container,2.000 ,F313 CHEMICAL CLEANING SUPPLIES
F31300225,ECOLAB ΕΝΤΟΣ RENOLIT CLEAN S ECOLABEL (KITCHEN) (2*5L),Container,16.200 ,F313 CHEMICAL CLEANING SUPPLIES
F31300305,ECOLAB ΕΝΤΟΣ SMARTPOWER POWER CLEAN (KITCHEN) (4*2.9KG),Container,4.000 ,F313 CHEMICAL CLEANING SUPPLIES
F3130014,ECOLAB ΕΝΤΟΣ STRIP-A-WAY ΑΦΑΛΑΤΙΚΟ (KITCHEN) (2*5L),Container,8.000 ,F313 CHEMICAL CLEANING SUPPLIES
F31300226,ECOLAB ΕΝΤΟΣ TOPMATIC CLEAN ECOLABEL (KITCHEN) (4*5L),Container,4.000 ,F313 CHEMICAL CLEANING SUPPLIES
F31300227,ECOLAB ΕΝΤΟΣ TOPRINSE CLEAN ECOLABEL (KITCHEN) (2*5L),Container,8.000 ,F313 CHEMICAL CLEANING SUPPLIES
F3210001,ΜΕΙΓΜΑ ΠΡΟΠΑΝΙΟ ΑΝΑ ΛΙΤΡΟ,Liter,"3,380.000 ",F321 PROPANE
F3210007,ΦΙΑΛΗ ΠΡΟΠΑΝΙΟΥ MAP-PRO ΚΙΤΡΙΝΗ 16OZ (473ML),CAN,9.000 ,F321 PROPANE
F3230001,ΕΥΡΩΠΑΛΕΤΑ,Pallet,2.000 ,F323 EMPTY CASES
F3230044,ΚΕΝΗ ΦΙΑΛΗ ΝΕΡΟΥ ΖΑΓΟΡΙ ΓΥΑΛΙΝΟ (500ML),Bottles,"2,880.000 ",F323 EMPTY CASES
F1100064,ΤΡΟΦΙΜΑ ΓΕΥΣΤΙΚΗΣ ΔΟΚΙΜΗΣ 13% ΦΠΑ,Cost,"2,297.082 ",F350 FOOD TASTING
F1100143,ΤΡΟΦΙΜΑ ΓΕΥΣΤΙΚΗΣ ΔΟΚΙΜΗΣ 24% ΦΠΑ,Cost,64.000 ,F350 FOOD TASTING
F3000647,ΕΣΩΤΕΡΙΚΕΣ ΔΙΑΚΙΝΗΣΕΙΣ SUPER MARKET,Cost,75.000 ,F351 F&B EXPENSES
