Κωδικός,Περιγραφή,Μονάδα,Χρέωση,Καταμέτρηση
F10200713,ΓΑΛΑ ΑΓΕΛΑΔΟΣ ΦΡΕΣΚΟ ΕΛΑΦΡΥ 1.5% ΜΕΒΓΑΛ (1L),Bottles,5.000 ,
F1020043,ΓΑΛΑ ΑΓΕΛΑΔΟΣ ΦΡΕΣΚΟ ΠΛΗΡΕΣ 3.5% ΜΕΒΓΑΛ (1L),Liter,12.000 ,
F1020217,ΚΡΕΜΑ ΚΑΡΥΔΑΣ COCO LOPEZ (425G),CAN,11.000 ,
F10200483,ΡΟΦΗΜΑ ΑΜΥΓΔΑΛΟΥ IN STEAD (1L),Carton,5.800 ,
F1020050,ΡΟΦΗΜΑ ΑΜΥΓΔΑΛΟΥ ΧΩΡΙΣ ΖΑΧΑΡΗ ALPRO (1L),Carton,2.000 ,
F10200481,ΡΟΦΗΜΑ ΒΡΩΜΗΣ IN STEAD (1L),Carton,11.200 ,
F10200484,ΡΟΦΗΜΑ ΚΑΡΥΔΑΣ IN STEAD (1L),Carton,9.400 ,
F10200414,ΡΟΦΗΜΑ ΣΟΓΙΑΣ ALPRO (1L),Carton,1.800 ,
F10200766,ΣΑΝΤΙΓΥ ΣΠΡΕΥ ROYAL (250G),CAN,24.000 ,
F11400661,ΠΕΡΛΑ ΕΛΑΙΟΛΑΔΟΥ ΜΕ ΤΣΙΛΙ 5MM CAVIAROLI (50G),Jar,2.000 ,
F1110047,ΦΥΣΤΙΚΟΒΟΥΤΥΡΟ ΔΟΧΕΙΟ ΧΑΙΤΟΓΛΟΥ (10KG),Kilogram,0.500 ,
F11400615,EΛΙΑ ΠΡΑΣΙΝΗ ΣΦΑΙΡΑ CAVIAROLI (4Χ250G),Piece,1.000 ,
F1100017,TABASCO SAUCE RED PEPPER (60ML),Bottles,11.000 ,
F1100517,ΚΕΤΣΑΠ HEINZ ΒΑΖΟ (39G),Jar,80.000 ,
F1100557,ΜΑΓΙΟΝΕΖΑ HEINZ ΒΑΖΟ (30G),Jar,80.000 ,
F11400662,ΠΕΡΛΕΣ ΑΠΟ ΜΑΝΓΚΟ 5MM CAVIAROLI (200G),Jar,3.000 ,
F11400660,ΠΕΡΛΕΣ ΑΠΟ ΜΕΛΙ ΔΑΣΟΥΣ 8MM CAVIAROLI (50G),Jar,4.000 ,
F1100056,ΣΑΛΤΣΑ HORSERADISH GUNDELSHEIM (140G),Jar,3.000 ,
F1100043,ΞΥΔΙ ΑΝΑΠΛΗΡΩΜΑ ΚΥΒΟΣ (30*400ML),Bottles,3.000 ,
F1120013,ΔΗΜΗΤΡΙΑΚΑ ΝΙΦΑΔΕΣ ΒΡΩΜΗΣ LE PETIT DEJEUNER (1KG),Packet,0.200 ,
F1120066,ΤΣΙΑ ΣΠΟΡΟΙ (CHIA) DRYFO,Kilogram,1.000 ,
F1130065,PEANUTS DRY ROASTED PELITO,Kilogram,8.000 ,
F11300548,ΑΜΥΓΔΑΛΟ ΚΑΠΝΙΣΤΟ PELLITO,Kilogram,3.000 ,
F1130023,ΚΑΣΙΟΥΣ ΨΗΜΕΝΑ ΙΝΔΙΩΝ DRYFO,Kilogram,1.000 ,
F11300633,ΜΕΙΓΜΑ ΞΗΡΩΝ ΚΑΡΠΩΝ FIRE MIX RAVIOLI DRYFO (12*1KG),Packet,3.000 ,
F11400571,ΕΛΙΕΣ ΠΡΑΣΙΝΕΣ ΓΕΜΙΣΤΕΣ ΜΕ ΠΙΠΕΡΙΑ PAPASTERGIOU,Kilogram,2.200 ,
F1150010,ΚΟΜΠΟΣΤΑ LYCHEE CARDINAL (565G),CAN,10.000 ,
F11600289,ΜΕΛΙ ΑΝΘΕΩΝ ΒΑΖΟ ΙΒΗΡΩΝ (90*30G),Jar,15.000 ,
F1160030,ΜΕΛΙ ΑΝΘΕΩΝ ΧΑΛΚΙΔΙΚΗΣ ΓΕΩΡΓΑΚΑ (4.4KG),Container,1.000 ,
F11700746,CRUMBLE ΜΠΕΙΚΟΝ ΦΥΤΙΚΟ (VEGAN) JORDA (500G),Packet,1.600 ,
F11001271,ΑΛΑΤΙ ΜΑΥΡΟ ΧΑΒΑΗΣ TERRE EXOTIQUE (1KG),Packet,2.000 ,
F1101047,ΑΛΑΤΙ ΣΕΛΕΡΙ VERSTEGEN (1.2KG),Container,1.000 ,
F11700862,ΑΡΩΜΑ ΦΑΣΟΛΙ TONKA SOSA (50G),Bottles,0.300 ,
F11700677,ΠΑΤΖΑΡΙ ΛΥΟΦΙΛΙΩΠΟΙΗΜΕΝΟ ΣΕ ΣΚΟΝΗ SOSA (300G),Packet,1.000 ,
F11300385,POP CORN SALTED CARAMEL JIMMY'S (12*150G),Packet,12.000 ,
F11300461,POP CORN ΒΟΥΤΥΡΟΥ MYPOPCORN (6*185G),Container,12.000 ,
F11800070,TORTILLIA CHIPS ΜΕ ΤΥΡΙ VEGAN MISTER FREE'D (135G),Packet,12.000 ,
F11800149,TUILE ΦΥΛΛΟ GRANISH UPGRADE INFUSION (60 ΤΕΜ),Box,1.000 ,
F14000827,ΑΛΜΥΡΑ ΜΠΙΣΚΟΤΑ BUITEMAN PARMGIANIO CRUMBLES (75G),Packet,16.000 ,
F11800117,ΠΑΤΑΤΑΚΙΑ ΑΛΑΤΙ LAYS (350G),Packet,12.000 ,
F11300363,ΑΠΟΞΗΡΑΜΕΝΟΣ ΑΝΑΝΑΣ SEMPREVIVO (350G),Packet,6.000 ,
F1130043,ΑΠΟΞΗΡΑΜΕΝΟΣ ΑΝΑΝΑΣ ΡΟΔΕΛΑ DRYFO,Kilogram,2.500 ,
F13003211,ΑΜΑΡΕΝΑ ΣΕ ΣΙΡΟΠΙ ROYMEL (5KG),Kilogram,5.000 ,
F1300905,ΒΡΩΣΙΜΑ ΛΟΥΛΟΥΔΙΑ ΑΝΘΗ CORNFLOWER BLUE OLYMPUS FIELDS (3.5G),Jar,1.000 ,
F13004043,ΖΑΧΑΡΗ SUGARITA (1KG),Kilogram,10.000 ,
F1300275,ΖΑΧΑΡΗ ΚΑΣΤΑΝΗ STICKS ΜΕ LOGO ROYAL SUGAR (1000*4G),Box,1.000 ,
F13001697,ΖΑΧΑΡΗ ΚΑΣΤΑΝΗ ΖΑΚΟΜΑ FARMER (1KG),Kilogram,2.000 ,
F1300099,ΣΙΡΟΠΙ ΠΑΓΩΤΟΥ ΚΑΡΑΜΕΛΑ HAITOGLOU (1.2L),Bottles,6.000 ,
F1300098,ΣΙΡΟΠΙ ΠΑΓΩΤΟΥ ΣΟΚΟΛΑΤΑ HAITOGLOU (1.2L),Bottles,6.000 ,
F1300100,ΣΙΡΟΠΙ ΠΑΓΩΤΟΥ ΦΡΑΟΥΛΑ HAITOGLOU (1.2L),Bottles,2.000 ,
F11700861,ΣΟΥΚΡΟ ΕΜΟΥΛ TOUFOOD (500G),Container,0.500 ,
F13001745,ΣΥΚΟ ΛΥΟΦΙΛΟΠΟΙΗΜΕΝΟ BRIX (500G),Packet,1.000 ,
F1301189,ΧΡΩΜΑ ΖΑΧΑΡΟΠΛΑΣΤΙΚΗΣ ΣΚΟΝΗ ΧΡΥΣΟ MALLARD FERRIERE (30G),Piece,1.000 ,
F1310300,HARIBO HAPPY COLA (100G),Packet,6.000 ,
F1310746,ΜΑΛΛΙ ΤΗΣ ΓΡΙΑΣ CANDY FLOS ΡΟΖ CAMELOT (20G),Piece,87.000 ,
F1310220,ΜΑΣΜΕΛΟΣ ΜΙΧ CAMELOT (1Χ8KG),Kilogram,3.000 ,
F13101514,ΜΠΙΣΚΟΤΟ MINI OREO MONDELEZ (9*400G),Packet,9.000 ,
F1310687,ΠΟΥΡΑΚΙΑ ΠΡΑΛΙΝΑ CAPRICE (400G),CAN,12.000 ,
F14000987,ΠΑΞΙΜΑΔΙΑ ΚΥΘΗΡΩΝ ΤΣΑΤΣΑΚΗΣ (480G),Packet,12.000 ,
F15000166,ΑΚΤΙΝΙΔΙΑ ΦΡΕΣΚΑ GOLD,Kilogram,1.000 ,
F1500004,ΑΝΑΝΑΣ ΦΡΕΣΚΟΣ - 80 ΕΩΣ 90% ΧΡΥΣΑΦΙ ΑΠΟΧΡΩΣΕΙΣ ( COLOR 4-5 ),Kilogram,0.500 ,
F1500083,ΑΝΑΝΑΣ ΦΡΕΣΚΟΣ EXTRA - 90 ΕΩΣ 100% ΧΡΥΣΑΦΙ ΑΠΟΧΡΩΣΕΙΣ ( COLOR 5-6 ),Kilogram,1.000 ,
F1500015,ΓΚΡΕΙΠΦΡΟΥΤ ΦΡΕΣΚΟ ΚΟΚΚΙΝΟ,Kilogram,13.950 ,
F1500018,ΚΑΡΠΟΥΖΙΑ ΦΡΕΣΚΑ,Kilogram,11.400 ,
F15000218,ΚΑΡΥΔΑ ΦΡΕΣΚΙΑ AIR (0.8-0.9KG),Piece,30.000 ,
F1500109,ΚΟΥΜ ΚΟΥΑΤ ΦΡΕΣΚΑ,Kilogram,2.500 ,
F1500023,ΛΕΜΟΝΙΑ ΦΡΕΣΚΑ ΔΙΑΜΕΤΡΟΣ 50-70MM (130-140G),Kilogram,6.100 ,
F1500027,ΜΗΛΑ ΦΡΕΣΚΑ SMITH (B) ΠΡΑΣΙΝΑ ΔΙΣΕΙΡΑ (70-80MM*170-190G),Kilogram,7.400 ,
F1500025,ΜΗΛΑ ΦΡΕΣΚΑ SMITH EXTRA ΠΡΑΣΙΝΑ ΜΟΝΟΣΕΙΡΑ (80-90MM*220-240G),Kilogram,3.000 ,
F15000209,ΜΠΑΝΑΝΕΣ ΦΡΕΣΚΕΣ KITΡΙΝΕΣ ΜΕ ΠΡΑΣΙΝΕΣ ΑΚΡΕΣ NO NAME (COLOR 3),Kilogram,5.000 ,
F1500035,ΜΠΑΝΑΝΕΣ ΦΡΕΣΚΕΣ ΚΙΤΡΙΝΕΣ ΜΕ ΠΡΑΣΙΝΕΣ ΑΚΡΕΣ CHIQUITA (COLOR 3),Kilogram,2.300 ,
F1500043,ΠΟΡΤΟΚΑΛΙΑ ΧΥΜΟΥ ΦΡΕΣΚΑ ΜΗΧΑΝΗΣ ΔΙΑΜΕΤΡΟΣ 50-70MM (120-140G),Kilogram,47.000 ,
F1500044,ΡΟΔΑΚΙΝΑ ΦΡΕΣΚΑ,Kilogram,0.800 ,
F1500157,ΡΟΔΑΚΙΝΑ ΦΡΕΣΚΑ EXTRA,Kilogram,2.000 ,
F1510007,ΑΓΓΟΥΡΙΑ ΦΡΕΣΚΑ (Α) ΙΣΙΑ 280-350MM (280-360G),Piece,13.000 ,
F1510017,ΔΥΟΣΜΟΣ ΦΡΕΣΚΟΣ (100G),Packet,3.000 ,
F15100498,ΚΑΡΟΤΑ ΦΡΕΣΚΑ (Β) ΜΕΓΑΛΑ-ΧΟΝΤΡΑ,Kilogram,3.600 ,
F1510135,ΛΑΪΜ ΦΡΕΣΚΟ (ΔΙΑΜΕΤΡΟΣ 50-60MM*100-130G),Kilogram,21.800 ,
F1510074,ΣΕΛΕΡΙ ΦΡΕΣΚΟ,Kilogram,3.500 ,
F1510082,ΤΖΙΝΤΖΕΡ ΦΡΕΣΚΟ,Kilogram,2.000 ,
F16000130,ΒΑΤΟΜΟΥΡΟ ΚΟΚΚΙΝΟ ΚΤΨ ARDO,Kilogram,1.500 ,
F16000149,ΜΥΡΤΙΛΑ BLUEBERRIES ΚΤΨ ARDO,Kilogram,10.000 ,
F16000066,ΠΟΥΛΠΑ-ΠΟΥΡΕΣ ΚΤΨ ΛΕΥΚΟ ΡΟΔΑΚΙΝΟ 90% ANDROS (1KG),Container,2.000 ,
F16000060,ΠΟΥΛΠΑ-ΠΟΥΡΕΣ ΚΤΨ ΜΑΝΓΚΟ 90% ANDROS (1KG),Container,3.000 ,
F16000058,ΠΟΥΛΠΑ-ΠΟΥΡΕΣ ΚΤΨ ΦΡΑΟΥΛΑ 90% ANDROS (1KG),Container,3.000 ,
F16000061,ΠΟΥΛΠΑ-ΠΟΥΡΕΣ ΚΤΨ ΦΡΟΥΤΑ ΤΟΥ ΠΑΘΟΥΣ 90% ANDROS (1KG),Container,3.000 ,
F16000121,ΦΡΑΟΥΛΕΣ ΚΤΨ MUBARAK,Kilogram,8.800 ,
F1640299,ΠΑΓΩΤΟ BELGIAN CHOCOLATE KAYAK (3KG),Kilogram,6.000 ,
F1640493,ΠΑΓΩΤΟ SALTY CARAMEL KAYAK (3KG),Container,1.000 ,
F1640519,ΠΑΓΩΤΟ SORBET MANGO KAYAK (107ML),Container,20.000 ,
F1640239,ΠΑΓΩΤΟ SORBET ΚΑΡΠΟΥΖΙ KAYAK (3KG),Kilogram,6.000 ,
F16400587,ΠΑΓΩΤΟ SORBET ΛΕΜΟΝΙ KAYAK (3KG),Kilogram,6.500 ,
F1640495,ΠΑΓΩΤΟ SORBET ΜΑΝΓΚΟ ΧΩΡΙΣ ΓΛΟΥΤΕΝΗ & ΛΑΚΤΟΖΗ KAYAK (3KG),Kilogram,3.000 ,
F1640035,ΠΑΓΩΤΟ SORBET ΦΡΑΟΥΛΑ KAYAK (107ML),CUP,20.000 ,
F1640319,ΠΑΓΩΤΟ SORBET ΦΡΑΟΥΛΑ KAYAK (3KG),Kilogram,3.600 ,
F1640203,ΠΑΓΩΤΟ ΒΑΝΙΛΙΑ CHOCOCREAM COOKIES KAYAK (3KG),Kilogram,9.000 ,
F1640307,ΠΑΓΩΤΟ ΒΑΝΙΛΙΑ KAYAK (3KG),Kilogram,3.960 ,
F1640318,ΠΑΓΩΤΟ ΓΡΑΝΙΤΑ ΡΟΔΑΚΙΝΟ KAYAK (3KG),Kilogram,3.000 ,
F16400588,ΠΑΓΩΤΟ ΚΑΡΑΜΕΛΑ PRIMA KAYAK (2.5KG),Container,1.000 ,
F16400650,ΠΑΓΩΤΟ ΚΑΡΑΜΕΛΑ ΔΕΛΤΑ (5L),Container,0.300 ,
F1640105,ΠΑΓΩΤΟ ΚΥΠΕΛΛΟ ΒΑΝΙΛΙΑ CHOCOCREAM COOKIES KAYAK (107ML),CUP,40.000 ,
F1640106,ΠΑΓΩΤΟ ΚΥΠΕΛΛΟ ΒΑΝΙΛΙΑ ΜΑΔΑΓΑΣΚΑΡΗΣ KAYAK (107ML),CUP,40.000 ,
F1640108,ΠΑΓΩΤΟ ΚΥΠΕΛΛΟ ΣΟΚΟΛΑΤΑ BELGIAN CHOCO CHIPS  KAYAK (107ML),CUP,40.000 ,
F1640331,ΠΑΓΩΤΟ ΜΠΑΝΑΝΑ KAYAK (3KG),Kilogram,3.000 ,
F16400651,ΠΑΓΩΤΟ ΜΠΑΝΑΝΑ ΔΕΛΤΑ (5L),Container,1.000 ,
F1640237,ΠΑΓΩΤΟ ΣΟΚΟΛΑΤΑ KAYAK (3KG),Kilogram,8.100 ,
F1640359,ΠΑΓΩΤΟ ΦΡΑΟΥΛΑ KAYAK (3KG),Kilogram,6.000 ,
F2000035,ΚΑΦΕΣ ESPRESSO ILLY ΑΛΕΣΜΕΝΟΣ DECAFFEINE (250G),Container,10.000 ,
F2000004,ΚΑΦΕΣ ESPRESSO ILLY ΣΠΥΡΙ 3KG,Kilogram,36.080 ,
F2000001,ΚΑΦΕΣ NESCAFE DECAFFEINE (200G),Packet,3.000 ,
F2000032,ΚΑΦΕΣ NESCAFE ΧΥΜΑ (2.75KG),Packet,1.850 ,
F2000025,ΚΑΦΕΣ NESPRESSO ΤΑΜΠΛΕΤΑ DECAFEINATO PRO (R2),Piece,100.000 ,
F20000211,ΚΑΦΕΣ NESPRESSO ΤΑΜΠΛΕΤΑ FORTE PRO (N4 R2),Piece,"1,200.000 ",
F2000031,ΚΑΦΕΣ ΓΑΛΛΙΚΟΣ JACOBS KRONUNG,Kilogram,9.230 ,
F2000055,ΚΑΦΕΣ ΕΛΛΗΝΙΚΟΣ ΛΟΥΜΙΔΗ (500G),Packet,9.500 ,
F20000194,ΚΑΦΕΣ ΦΙΛΤΡΟΥ SEMPREVIVO (500G),Packet,6.000 ,
F2000144,ΣΟΚΟΛΑΤΑ ΡΟΦΗΜΑ ΖΕΣΤΗ CHOCOLANELLE 1KG,Kilogram,6.496 ,
F20000303,ΤΑΜΠΛΕΤΑ ΕΚΤΥΠΩΣΗΣ COFFEE BASED BROWN RIPPLE (45ML),Piece,2.000 ,
F20000304,ΤΑΜΠΛΕΤΑ ΕΚΤΥΠΩΣΗΣ COFFEE BASED CHAMELEON CABBAGE RIPPLE (45ML),Piece,1.000 ,
F20100469,ΤΣΑΙ KUSMI  4 RED FRUITS BIO (100G),Packet,2.000 ,
F20000197,ΤΣΑΙ KUSMI ANASTASIA EXCLUSIVE BLEND BIO TEA (100G),Packet,2.000 ,
F2010389,ΤΣΑΙ KUSMI AQUA EXOTICA (125G),Packet,3.000 ,
F2010390,ΤΣΑΙ KUSMI AQUAROSA 1KG,Kilogram,0.850 ,
F20100473,ΤΣΑΙ KUSMI AQUAROSA ΒΙΟ (100G),Packet,1.000 ,
F20100470,ΤΣΑΙ KUSMI BE COOL WELLNESS BIO (90G),Packet,4.000 ,
F20100474,ΤΣΑΙ KUSMI BLUE DETOX (125G),Packet,1.000 ,
F2010400,ΤΣΑΙ KUSMI BOOST (125G),Packet,1.000 ,
F20100475,ΤΣΑΙ KUSMI DETOX ΒΙΟ (100G),Packet,2.000 ,
F2010386,ΤΣΑΙ KUSMI JASMINE GREEN (125G),Packet,3.000 ,
F2010384,ΤΣΑΙ KUSMI LABEL IMPERIAL GREEN (125G),Packet,2.000 ,
F2010383,ΤΣΑΙ KUSMI ROSE GREEN (125G),Packet,1.000 ,
F2010058,ΤΣΑΙ LOOSE TEA PURE CAMOMILE (100G),Packet,5.400 ,
F2010059,ΤΣΑΙ LOOSE TEA VERBENA,Packet,1.000 ,
F20000291,ΤΣΑΙ MATCHA-GREEN TEA POWDER GLOBE GOURMET (1KG),Packet,1.000 ,
F20100641,ΤΣΑΙ ΚΡΥΟ THAMMA BIO LEMON MOUNTAIN TEA (CRETAN HONEY & DITTANY) (12*300ML),Bottles,24.000 ,
F20100643,ΤΣΑΙ ΚΡΥΟ THAMMA BIO PEACH BLACK TEA (ELDERFLOWER) (12*300ML),Bottles,18.000 ,
F20100654,ΤΣΑΙ ΣΕ ΠΕΡΛΕΣ ΣΟΚΟΛΑΤΑ BUBBLE TEA FROZENBAR (3.4KG),Container,1.000 ,
F20100655,ΤΣΑΙ ΣΕ ΠΕΡΛΕΣ ΦΡΑΟΥΛΑ BUBBLE TEA FROZENBAR (3.4KG),Container,1.000 ,
F2010192,ΤΣΑΙ ΤΟΥ ΒΟΥΝΟΥ (100G),Packet,1.900 ,
F2010072,ΤΣΑΙ ΤΟΥ ΒΟΥΝΟΥ ΑΠΟΞΗΡΑΜΕΝΟ ΧΥΜΑ,Kilogram,0.320 ,
F2100030,COCA COLA KOYTI (24*330ML),CAN,72.000 ,
F2100020,COCA COLA LIGHT ΕΠΙΣΤΡΕΦΟΜΕΝΗ ΦΙΑΛΗ (24*250ML),Bottles,31.000 ,
F2100039,COCA COLA LIGHT ΚΟΥΤΙ (24*330ML),CAN,72.000 ,
F2100021,COCA COLA ZERO ΕΠΙΣΤΡΕΦΟΜΕΝΗ ΦΙΑΛΗ (24*250ML),Bottles,145.000 ,
F2100016,COCA COLA ZERO ΚΟΥΤΙ (24*330ML),CAN,72.000 ,
F2100019,COCA COLA ΕΠΙΣΤΡΕΦΟΜΕΝΗ ΦΙΑΛΗ (24*250ML),Bottles,63.000 ,
F2100035,FANTA ΛΕΜΟΝΙ ΕΠΙΣΤΡΕΦΟΜΕΝΗ ΦΙΑΛΗ (24*250ML),Bottles,44.000 ,
F2100061,FANTA ΛΕΜΟΝΙ ΚΟΥΤΙ (24*330ML),CAN,48.000 ,
F2100022,FANTA ΠΟΡΤΟΚΑΛΙ ΕΠΙΣΤΡΕΦΟΜΕΝΗ ΦΙΑΛΗ (24*250ML),Bottles,127.000 ,
F2100175,FANTA ΠΟΡΤΟΚΑΛΙ ΚΟΥΤΙ (24*330ML),CAN,48.000 ,
F2100096,FEVER TREE GINGER ALE (200ML),Bottles,24.000 ,
F2100105,FEVER TREE GINGER BEER (200ML),Bottles,48.000 ,
F2100153,FEVER TREE MEDITERRANEAN TONIC WATER (200ML),Bottles,24.000 ,
F2100106,FEVER TREE REFRESHINGLY LIGHT TONIC WATER (200ML),Bottles,24.000 ,
F2100103,FEVER TREE SODA (200ML),Bottles,48.000 ,
F2100104,FEVER TREE TONIC WATER (200ML),Bottles,56.000 ,
F21000458,FIG LEAF SODA THREE CENTS (200ML),Bottles,48.000 ,
F21000279,RED BULL ZERO ΚΟΥΤΙ (24*250ML),CAN,24.000 ,
F2100067,RED BULL ΚΟΥΤΙ (250ML),CAN,24.000 ,
F2100032,SPRITE KOYTI (24*330ML),CAN,61.000 ,
F2100023,SPRITE ΕΠΙΣΤΡΕΦΟΜΕΝΗ ΦΙΑΛΗ (24*250ML),Bottles,58.000 ,
F21000245,THE LONDON ESSENCE WHITE PEACH & JASMINE SODA ΦΙΑΛΗ (200ML),Bottles,72.000 ,
F2100180,THOMAS HENRY CHERRY BLOSSOM TONIC (200ML),Bottles,16.000 ,
F2100191,THREE CENTS AEGEAN TONIC (200ML),Bottles,30.000 ,
F2100178,THREE CENTS GENTLEMEN'S SODA (200ML),Bottles,71.000 ,
F2100167,THREE CENTS GINGER BEER (200ML),Bottles,8.000 ,
F2100150,THREE CENTS PINK GRAPEFRUIT SODA (200ML),Bottles,84.000 ,
F21000280,THREE CENTS SODA PINEAPLLE (200ML),Bottles,33.000 ,
F2100173,THREE CENTS TONIC WATER (200ML),Bottles,48.000 ,
F2100040,TONIC SCHWEPPES ΕΠΙΣΤΡΕΦΟΜΕΝΗ ΦΙΑΛΗ (24*250ML),Bottles,48.000 ,
F2100121,ΠΡΑΣΙΝΟ ΤΣΑΙ ΜΕ ΛΕΜΟΝΙ MANGAJO (250ML),Bottles,72.000 ,
F2100122,ΠΡΑΣΙΝΟ ΤΣΑΙ ΜΕ ΡΟΔΙ MANGAJO (250ML),Bottles,67.000 ,
F2100124,ΣΟΔΑ SCHWEPPES PET (24*500ML),Bottles,48.000 ,
F2100125,ΣΟΔΑ SCHWEPPES ΕΠΙΣΤΡΕΦΟΜΕΝΗ ΦΙΑΛΗ (24*250ML),Bottles,212.000 ,
F2200068,ΝΕΡΟ ACQUA PANNA ΦΥΣΙΚΟ ΜΕΤΑΛΛΙΚΟ ΓΥΑΛΙ (15*750ML),Bottles,4.000 ,
F2200022,ΝΕΡΟ EVIAN ΦΥΣΙΚΟ ΜΕΤΑΛΛΙΚΟ ΓΥΑΛΙ (12*750ΜL),Bottles,4.000 ,
F2200051,ΝΕΡΟ EVIAN ΦΥΣΙΚΟ ΜΕΤΑΛΛΙΚΟ ΓΥΑΛΙ (20*330ML),Bottles,79.000 ,
F2200087,"ΝΕΡΟ ΖΑΓΟΡΙ ''SANI"" ΦΥΣΙΚΟ ΜΕΤΑΛΛΙΚΟ ΕΠΙΣΤΡΕΦΟΜΕΝΗ ΦΙΑΛΗ ΓΥΑΛΙ (12*1L)",Bottles,42.000 ,
F2210011,ΝΕΡΟ PERRIER ΑΝΘΡΑΚΟΥΧΟ ΦΥΣΙΚΟ ΜΕΤΑΛΛΙΚΟ ΓΥΑΛΙ (24*330ML),Bottles,44.000 ,
F2210005,ΝΕΡΟ SAN PELLEGRINO ΑΝΘΡΑΚΟΥΧΟ ΦΥΣΙΚΟ ΜΕΤΑΛΛΙΚΟ ΓΥΑΛΙ (15*750ML),Bottles,19.000 ,
F2210004,ΝΕΡΟ SAN PELLEGRINO ΑΝΘΡΑΚΟΥΧΟ ΦΥΣΙΚΟ ΜΕΤΑΛΛΙΚΟ ΓΥΑΛΙ (24*250ML),Bottles,96.000 ,
F2210072,ΝΕΡΟ ΚΑΡΥΔΑΣ (330ML),Carton,12.000 ,
F2210064,ΝΕΡΟ ΣΟΥΡΩΤΗ ΑΝΘΡΑΚΟΥΧΟ ΦΥΣΙΚΟ ΜΕΤΑΛΛΙΚΟ ΦΙΑΛΗ ΜΙΑΣ ΧΡΗΣΕΩΣ (12*750ML),Bottles,6.000 ,
F22200007,ICE CUBES ΠΑΓΟΣ MASTERICE (1.5KG),Sack,8.000 ,
F22200008,ΠΑΓΟΣ COLLINS MASTERICE (12*176G),Packet,8.000 ,
F2300006,ΧΥΜΟΣ APPLE PAGO (200ML),Bottles,103.000 ,
F2300067,ΧΥΜΟΣ CRANBERRY PAGO (200ML),Bottles,25.000 ,
F2300008,ΧΥΜΟΣ MANGO PAGO (200ML),Bottles,38.000 ,
F2300110,ΧΥΜΟΣ ORANGE PAGO (200ML),Bottles,57.000 ,
F2300112,ΧΥΜΟΣ PEACH PAGO (200ML),Bottles,51.000 ,
F2300128,ΧΥΜΟΣ PINEAPPLE PAGO (200ML),Bottles,41.000 ,
F2300010,ΧΥΜΟΣ ΑΝΑΝΑΣ AMITA 12ΤΕΜ (1L),Carton,12.000 ,
F2300149,ΧΥΜΟΣ ΑΧΛΑΔΙ PAGO (200ML),Bottles,36.000 ,
F2300012,ΧΥΜΟΣ ΒΥΣΣΙΝΟ AMITA 12ΤΕΜ (1L),Carton,12.000 ,
F2300034,ΧΥΜΟΣ ΜΗΛΟ AMITA 12ΤΕΜ (1L),Carton,12.000 ,
F23000268,ΧΥΜΟΣ ΜΗΛΟ VIVA 12ΤΕΜ (1L),Carton,25.500 ,
F2300018,ΧΥΜΟΣ ΜΠΑΝΑΝΑ AMITA 12ΤΕΜ (1L),Carton,12.000 ,
F2300025,ΧΥΜΟΣ ΡΟΔΑΚΙΝΟ AMITA 12ΤΕΜ (1L),Carton,12.000 ,
F2300188,ΧΥΜΟΣ ΤΟΜΑΤΑΣ BRITVIC MIXERS ΦΙΑΛΗ ΜΙΑΣ ΧΡΗΣΕΩΣ (200ML),Bottles,24.000 ,
F2300115,ΧΥΜΟΣ ΤΟΜΑΤΑΣ PAGO (200ML),Bottles,29.000 ,
F2300114,ΧΥΜΟΣ ΦΡΑΟΥΛΑ PAGO (200ML),Bottles,36.000 ,
F23100314,BOIRON RASPBERRY PUREE TETRA PACK (1L),Carton,1.000 ,
F23100303,PUREE MANGO TETRA PACK BOIRON (1L),Carton,2.000 ,
F23100305,PUREE PINEAPPLE TETRA PACK BOIRON (1L),Carton,2.000 ,
F2310138,PUREE PONTHIER PASSION FRUIT (1KG),Kilogram,2.000 ,
F2310139,PUREE PONTHIER PEACH WHITE (1KG),Kilogram,1.400 ,
F2310137,PUREE PONTHIER PINEAPPLE (1KG),Kilogram,1.000 ,
F24002247,FRANCE COS D'ESTOURNEL MEDOC G CABERNET SAUVIGNON ΕΡΥΘΡΟ 2019 (750ML),Bottles,2.000 ,
F2400410,FRANCE DROUHIN VONSE ROMANEE 2013 ΕΡΥΘΡΟ (750ML),Bottles,0.600 ,
F2401205,FRANCE LOUIS JADOT BOURGOGNE PINOT NOIR ΕΡΥΘΡΟ (750ML),Bottles,0.800 ,
F2400097,LA TOUR MELAS CYRUS ONE CABERNET FRANC - MERLOT ΕΡΥΘΡΟ (750ML),Bottles,0.600 ,
F2400515,ΑΛΦΑ PINOT NOIR ΕΡΥΘΡΟ (750ML),Bottles,4.000 ,
F2411050,FRANCE CHATEAU D' YQUEM SAUTERNES 1er CRU CLASSE 2007 ΛΕΥΚΟ (750ML),Bottles,0.900 ,
F2410571,FRANCE POUILLY FUME TRADITION DOMAINE S.DAGUENEAU & FILLS ΛΕΥΚΟ (750ML),Bottles,3.000 ,
F2410056,ΑΛΦΑ SAUVIGNON BLANC ΛΕΥΚΟ (750ML),Bottles,1.000 ,
F2410055,ΑΛΦΑ ΜΑΛΑΓΟΥΖΙΑ ΛΕΥΚΟ (750ML),Bottles,6.000 ,
F2410009,ΓΕΡΟΒΑΣΙΛΕΙΟΥ ΜΑΛΑΓΟΥΖΙΑ ΛΕΥΚΟ (750ML),Bottles,1.200 ,
F24102305,ΕΛΛΑΔΑ ΜΑΤΑΜΗ ΜΑΛΑΓΟΥΖΙΑ ΛΕΥΚΟ (750ML),Bottles,0.200 ,
F2410803,ΣΚΟΥΡΑ DUM VIMUM SPERUM CHARDONNAY ΛΕΥΚΟ (750ML),Bottles,0.600 ,
F2420122,FRANCE ESCLAN'S WHISPERING ANGEL COTES DE PROVENCE ΡΟΖΕ (750ML),Bottles,7.200 ,
F2420117,FRANCE OTT CHATEAU ROMASAN BANDOL ΡΟΖΕ (750ML),Bottles,7.000 ,
F2420073,ΑΛΦΑ ΞΙΝΟΜΑΥΡΟ ΡΟΖΕ (750ML),Bottles,1.000 ,
F2420286,ΓΕΡΟΒΑΣΙΛΕΙΟΥ ΞΙΝΟΜΑΥΡΟ ΡΟΖΕ (750ML),Bottles,1.800 ,
F24300493,ΕΛΛΑΔΑ SANTO WINES SPARKLING BRUT ΑΣΥΡΤΙΚΟ ΛΕΥΚΟ (750ML),Bottles,0.400 ,
F2430061,CHAMPAGNE BRUT ROSE TAITTINGER FRANCE (750ML),Bottles,2.200 ,
F2430060,CHAMPAGNE BRUT TAITTINGER FRANCE (750ML),Bottles,1.600 ,
F24101862,FRANCE CHARLES HEIDSIECK RESERVE BRUT CHAMPAGNE ΛΕΥΚΟ (750ML),Bottles,0.200 ,
F2500001,AMARETTO DISARONNO (700ML),Bottles,1.900 ,
F2500180,ANCHO REYES LIQUEUR (700ML),Bottles,0.200 ,
F2500003,BAILEYS (700ML),Bottles,0.400 ,
F2500010,BV LAND TRIPLE SEC (700ML),Bottles,0.300 ,
F2500067,CHARTREUSE YELLOW LIQUER (700ML),Bottles,0.400 ,
F2500033,DRAMBUIE (700ML),Bottles,0.600 ,
F2500013,FRANGELICO ΛΙΚΕΡ (700ML),Bottles,1.000 ,
F25000223,GIFFARD LIQUER MELON (700ML),Bottles,0.900 ,
F2500212,GIFFARD LIQUER PEACH (700ML),Bottles,0.300 ,
F2500146,GIFFARD LIQUER VANILLA GIFFARD (700ML),Bottles,1.000 ,
F2500037,HEERING 25% (700ML),Bottles,0.900 ,
F2500015,KAHLUA (700ML),Bottles,2.000 ,
F2500089,LIMONCELLO DELLA TRADIZIONE (700ML),Bottles,1.000 ,
F25000370,LIQUEUR BRANDY BOLS 43% (750ML),Bottles,1.000 ,
F25000373,LIQUEUR CRÈME CACAO WHITE BOLS 24% (700ML),Bottles,1.000 ,
F25000374,LIQUEUR CREME DE CASSIS BOLS 17% (700ML),Bottles,1.000 ,
F25000377,LIQUEUR ELDERFLOWER BOLS 17% (700ML),Bottles,2.000 ,
F25000384,LIQUEUR SOUR APPLE BOLS 17% (700ML),Bottles,1.000 ,
F25000387,LIQUEUR TRIPLE SEC BOLS 38% (700ML),Bottles,1.000 ,
F2500184,LUXARDO ABSINTHE (700ML),Bottles,1.000 ,
F2500093,MALIBU (1L),Bottles,1.000 ,
F2500024,PASSOA LIQUER 20% (700ML),Bottles,1.000 ,
F2510012,PIMMS 25% (700ML),Bottles,1.000 ,
F2500032,TIA MARIA (700ML),Bottles,1.000 ,
F2500114,TIO PEPE PALOMINO FINO SHERRY (700ML),Bottles,0.200 ,
F25000240,ΛΙΚΕΡ GIFFARD CREME DE CACAO WHITE (700ML),Bottles,0.700 ,
F2500026,ΛΙΚΕΡ SOURZ APPLE (700ML),Bottles,0.700 ,
F2510003,AMARETTO AVERNA (700ML),Bottles,1.000 ,
F2510173,AMARO MONTENEGRO (700ML),Bottles,0.800 ,
F25100540,"APERITIF FONSECA VINTAGE PORT 2000 20,5 (750ML)",Bottles,0.200 ,
F25100539,"APERITIF NIEPOORT 30YO TAWNY 20,5% (750ML)",Bottles,0.500 ,
F25100581,APERITIF SAMBUCA VACCARI 38% (700ML),Bottles,1.000 ,
F2500038,APEROL APERITIVO 11% (1L),Bottles,3.700 ,
F25100519,BODEGAS HIDAIGO MANZANILLA LA GITANA SHERRY (700ML),Bottles,1.000 ,
F2510004,CAMPARI (700ML),Bottles,2.900 ,
F2510064,CAPRANO ANTICA FORMULA VERMOUTH (1L),Bottles,1.600 ,
F2510290,DRY AMONTILLADO LOS ARCOS EMILIO LUSTAU (700ML),Bottles,1.000 ,
F2510006,FERNET BRANCA (700ML),Bottles,0.900 ,
F2510180,FERNET BRANCA MENTA (700ML),Bottles,1.000 ,
F2510258,FONSECA 10 Y.O. TAWNY (750ML),Bottles,0.500 ,
F2510259,FONSECA 20 Y.O. TAWNY (750ML),Bottles,1.200 ,
F2510186,GRAPPA LIGNEUM PROSECCO (700ML),Bottles,0.600 ,
F2510188,GRAPPA MIELEDITIGLIO INVECC. (700ML),Bottles,0.200 ,
F2510193,GRAPPA NONINO MOSCHATO (700ML),Bottles,0.900 ,
F2510359,JACOPO GRAPPA POLI BARILI DI SASSICAIA 40% (500ML),Bottles,0.600 ,
F2510303,JACOPO POLI AMOROSA DI SETTEMBRE VESPAIOLO (500ML),Bottles,0.200 ,
F2510008,JAGERMEISTER (700ML),Bottles,0.900 ,
F2510317,LILLET BLANC APERITIF (750ML),Bottles,1.000 ,
F2510009,MARTINI BIANCO (BLANCO) (1L),Bottles,0.400 ,
F2510010,MARTINI EXTRA DRY (EXTRA SECO) (1L),Bottles,1.000 ,
F2510011,MARTINI ROSSO (ROJO) (1L),Bottles,1.000 ,
F25100491,NOILLY PRAT VERMOUTH (750ML),Bottles,0.600 ,
F2510305,OTTOS ATHENS VERMOUTH (700ML),Bottles,1.000 ,
F2510037,PERNOD 40% (700ML),Bottles,0.600 ,
F2510206,RICARD (700ML),Bottles,1.000 ,
F25100542,SAKE ΙΑΠΩΝΙΚΟ DASSAI 23 JUNMAI DAIGINJO 16% (720ML),Bottles,1.000 ,
F2510273,SHERRY LUSTAU PEDRO XIMENEZ SAN EMILIO (750ML),Bottles,0.600 ,
F25100454,VERMOUTH CARLO ALBERTO-RISERVA BIANCO (700ML),Bottles,1.000 ,
F25100489,VERMOUTH COCCHI STORICO DI TORINO (700ML),Bottles,1.000 ,
F2510220,ΑΠΟΣΤΑΓΜΑ BERTA GUILIA CHARD. BARRIQUE 40% (700ML),Bottles,1.000 ,
F2510222,ΑΠΟΣΤΑΓΜΑ BERTA VALDAVI MOSCATO 40% (700ML),Bottles,0.600 ,
F2510226,ΟΥΖΟ 12 (700ML),Bottles,0.900 ,
F2510337,ΤΣΙΠΟΥΡΟ ΑΡΧΟΝΤΙΚΟ ΧΩΡΙΣ ΓΛΥΚΑΝΙΣΟ (700ML),Bottles,0.800 ,
F2510279,ΤΣΙΠΟΥΡΟ ΤΣΙΛΙΛΗ 5Y.O DARK CAVE (750ML),Bottles,0.600 ,
F26000233,ΜΠΥΡΑ 56 ISLES AEGEAN WIT (330ML),Bottles,24.000 ,
F26000249,ΜΠΥΡΑ ALE BEER GRAMMS (24*330ML),Bottles,48.000 ,
F26000236,ΜΠΥΡΑ AMMOUSA ENGLISH IPA (330ML),Bottles,24.000 ,
F26000218,ΜΠΥΡΑ DATHENES LAGER (330ML),Bottles,24.000 ,
F2600111,ΜΠΥΡΑ HEINEKEN 0% ΦΙΑΛΗ (330ML),Bottles,48.000 ,
F2600119,ΜΠΥΡΑ HEINEKEN ΒΑΡΕΛΙ PET BREWLOCK (20L),Barrel,7.500 ,
F2610006,ΜΠΥΡΑ HEINEKEN ΦΙΑΛΗ (24*330ML),Bottles,48.000 ,
F2610099,ΜΠΥΡΑ ISLES 56 PILS (330ML),Bottles,20.000 ,
F26000235,ΜΠΥΡΑ SALONIKIA WEISS (500ML),Bottles,12.000 ,
F2600054,ΜΠΥΡΑ SEPTEM FRIDAY'S PALE ALE ΦΙΑΛΗ (330ML),Bottles,20.000 ,
F26000234,ΜΠΥΡΑ SKNIPA LAGER (330ML),Bottles,47.000 ,
F2610015,ΜΠΥΡΑ SOL ΦΙΑΛΗ (24*330ML),Bottles,94.000 ,
F2610025,ΜΠΥΡΑ STELLA ARTOIS ΦΙΑΛΗ (330ML),Bottles,36.000 ,
F26000153,ΜΠΥΡΑ VALTINGER HOP ON! IPA LOCAL CRAFT BEER (330ML),Bottles,23.000 ,
F2600051,ΜΠΥΡΑ YELLOW DONKEY ΦΙΑΛΗ (24*330ML),Bottles,24.000 ,
F2600121,ΜΠΥΡΑ ΝΗΣΟΣ ALL DAY LAGER ΒΙΟΛΟΓΙΚΗ GLUTEN FREE (330ML),Bottles,47.000 ,
F2700001,ANGOSTURA AROMATIC BITTERS (200ML),Bottles,1.400 ,
F2700147,FEE BROTHERS AZTEC CHOCOLATE BITTERS (150ML),Bottles,1.000 ,
F2700153,FEE BROTHERS CARDAMOM BITTERS (150ML),Bottles,0.800 ,
F2700081,FEE BROTHERS CHERRY BITTERS (150ML),Bottles,0.200 ,
F27000228,FEE BROTHERS FOAM AGENT BITTER (150ML),Bottles,1.000 ,
F2700044,FEE BROTHERS GRAPEFRUIT BITTERS (50ML),Bottles,0.100 ,
F2700090,ΣΙΡΟΠΙ AGAVE MONIN (700ML),Bottles,0.400 ,
F27000547,ΣΙΡΟΠΙ CHOCOLATE ROUTIN (1L),Bottles,1.000 ,
F2700128,ΣΙΡΟΠΙ CUCUMBER GIFFARD (1L),Bottles,1.000 ,
F27000551,ΣΙΡΟΠΙ CUCUMBER ROUTIN (1L),Bottles,1.000 ,
F2700111,ΣΙΡΟΠΙ ELDERFLOWER GIFFARD (1L),Bottles,1.000 ,
F27000552,ΣΙΡΟΠΙ ELDERFLOWER ROUTIN (1L),Bottles,2.000 ,
F27000553,ΣΙΡΟΠΙ FALERNUM ROUTIN (1L),Bottles,1.000 ,
F27000491,ΣΙΡΟΠΙ GREEN APPLE MONIN (700ML),Bottles,1.200 ,
F27000554,ΣΙΡΟΠΙ GREEN APPLE ROUTIN (1L),Bottles,1.000 ,
F2700039,ΣΙΡΟΠΙ GREEN MINT MONIN (700ML),Bottles,0.400 ,
F2700178,ΣΙΡΟΠΙ LYCHEE MONIN (700ML),Bottles,0.500 ,
F27000557,ΣΙΡΟΠΙ LYCHEE ROUTIN (1L),Bottles,1.000 ,
F2700120,ΣΙΡΟΠΙ ORGEAT GIFFARD (1L),Bottles,0.100 ,
F27000559,ΣΙΡΟΠΙ ORGEAT ROUTIN (1L),Bottles,1.000 ,
F27000561,ΣΙΡΟΠΙ PEACH ROUTIN (1L),Bottles,1.000 ,
F27000336,ΣΙΡΟΠΙ ROUTIN POP CORN ILLY (1L),Bottles,2.000 ,
F27000277,ΣΙΡΟΠΙ ROUTIN ΒΑΝΙΛΙΑ ILLY (1L),Bottles,1.000 ,
F27000278,ΣΙΡΟΠΙ ROUTIN ΚΑΡΑΜΕΛΑ ILLY (1L),Bottles,1.000 ,
F2700015,ΣΙΡΟΠΙ SPICY MANGO MONIN (700ML),Bottles,0.800 ,
F27000566,ΣΙΡΟΠΙ SPICY MANGO ROUTIN (1L),Bottles,1.000 ,
F27000567,ΣΙΡΟΠΙ STRAWBERRY ROUTIN (1L),Bottles,4.000 ,
F27000258,ΣΙΡΟΠΙ VANILLA GIFFARD (1L),Bottles,1.100 ,
F2700069,ΣΙΡΟΠΙ WATERMELON MONIN (700ML),Bottles,0.200 ,
F27000568,ΣΙΡΟΠΙ WATERMELON ROUTIN (1L),Bottles,1.000 ,
F2800020,BULLEIT BOURBON (700ML),Bottles,2.300 ,
F2800007,JAMESON 40% (700ML),Bottles,1.000 ,
F2800014,JOHNNIE WALKER BLACK LABEL 40% (700ML),Bottles,1.500 ,
F2800008,JOHNNIE WALKER RED LABEL 40% (700ML),Bottles,1.860 ,
F2800012,SOUTHERN COMFORT 40% (700ML),Bottles,0.900 ,
F2800021,WHISKEY BULLEIT RYE (700ML),Bottles,1.000 ,
F2810027,BUSHMILLS 16 Y.O. 40% (700ML),Bottles,0.700 ,
F2810033,CAOL ILA 12 Y.O. 43% (700ML),Bottles,0.600 ,
F28100123,CARDHU 15Υ.O 40% (700ML),Bottles,1.000 ,
F2810011,CARDHU 40% (700ML),Bottles,1.200 ,
F2810035,CHIVAS 12Y 40% (700ML),Bottles,2.000 ,
F2810093,CHIVAS 18 ΕΤΩΝ (700ML),Bottles,1.000 ,
F2810036,CHIVAS ROYAL SALUTE (700ML),Bottles,2.100 ,
F2810039,CLYNELISH 14 Y.O. (700ML),Bottles,1.400 ,
F2810043,DALMORE 12 Y.O. (700ML),Bottles,1.000 ,
F2810044,DALMORE CIGAR (700ML),Bottles,0.800 ,
F2810045,DALWHINNIE 40% (700ML),Bottles,0.500 ,
F2810047,DEWARS RESERVE 43% (700ML),Bottles,0.200 ,
F2810009,GLENFIDDICH 12 Y.O. 40% (700ML),Bottles,0.600 ,
F2810055,GLENFIDDICH 15Y 40% (700ML),Bottles,1.000 ,
F2810056,GLENFIDDICH 18 Y.O. 40% (700ML),Bottles,1.000 ,
F2810092,GLENGOYNE 10 Y.O. (700ML),Bottles,1.800 ,
F2810059,GLENKINCHIE 43% (700ML),Bottles,1.000 ,
F2810062,GLENLIVET 12 Y.O. (700ML),Bottles,0.200 ,
F2810057,GLENLIVET 15 Y.O. (700ML),Bottles,0.500 ,
F2810058,GLENLIVET 18 Y.O. (700ML),Bottles,0.600 ,
F2810060,GLENMORANGIE 10 Y.O. (700ML),Bottles,0.600 ,
F28100143,GLENMORANGIE SIGΝET (700ML),Bottles,0.500 ,
F2810063,GRANGAMOORE 40% (700ML),Bottles,0.500 ,
F2810064,HIBIKI 40% (700ML),Bottles,1.300 ,
F2810067,JACK DANIELS SINGLE BARREL (700ML),Bottles,0.900 ,
F2810068,JAMESON 12 Y.O (700ML),Bottles,0.800 ,
F2810010,JOHNNIE WALKER BLUE LABEL 40% (700ML),Bottles,1.300 ,
F28100127,LAGAVULIN 16 Y.O. (700ML),Bottles,0.800 ,
F28100135,LAPHROAIG 10 Y.O. 40% (700ML),Bottles,0.700 ,
F2810094,NIKKA FROM THE BARREL WHISKEY (500ML),Bottles,1.800 ,
F2810081,OBAN 40% (700ML),Bottles,0.800 ,
F2810082,TALISKER 40% (700ML),Bottles,1.400 ,
F28100183,WHISKEY ARRAN AMARONE CASK 50% (700ML),Bottles,1.000 ,
F2810089,WHISKEY BALLANTINES 12 (700ML),Bottles,0.800 ,
F28100184,WHISKEY BUSHMILLS PORT CASK 40% (700ML),Bottles,0.300 ,
F28100186,WHISKEY JAMESON 18YO 40% (700ML),Bottles,0.880 ,
F28100181,WHISKEY MACALLAN DOUBLE CASK 15YO 43% (700ML),Bottles,1.000 ,
F28100182,WHISKEY MACALLAN SHERRY OAK CASK 12YO 40% (700ML),Bottles,0.800 ,
F28100185,WHISKEY TULLAMORE SINGLE MALT 14 Y.O. 41.3% (700ML),Bottles,1.000 ,
F28100188,"WHISKEY WOODFORD RESERVE DOUBLE OAKED 43,2% (700ML)",Bottles,1.800 ,
F2820001,BEEFEATER 40% (700ML),Bottles,2.800 ,
F2820011,BOMBAY GIN 40% (700ML),Bottles,1.000 ,
F2820016,BOTANIST GIN (700ML),Bottles,2.000 ,
F2820019,CITADELLE GIN (700ML),Bottles,1.000 ,
F2820081,CITADELLE GIN SOLERA RESERVE (700ML),Bottles,1.000 ,
F2820070,ELEPHANT GIN 45% (700ML),Bottles,0.900 ,
F28200161,GIN AUX AGRUMES LA MONACO (700ML),Bottles,1.000 ,
F2820022,GIN BLOOM PREMIUM (700ML),Bottles,1.000 ,
F2820080,GIN COPPERHEAD 40% (500ML),Bottles,1.000 ,
F2820039,GIN DRY (SECO) MONKEY 47 (500ML),Bottles,2.020 ,
F2820045,GIN EDINBURGH (700ML),Bottles,0.900 ,
F28200103,GIN EDINBURGH RHUBARB & GINGER (700ML),Bottles,0.880 ,
F2820046,GIN GRACE (700ML),Bottles,0.700 ,
F28200179,"GIN GRACE ICON 43,5% (700ML)",Bottles,1.000 ,
F2820047,GIN HAYMAN OLD TOM 40% (700ML),Bottles,1.000 ,
F28200011,GIN MALFY ORIGINALE 41% (700ML),Bottles,1.000 ,
F2820031,GIN MARE (700ML),Bottles,0.600 ,
F2820032,GIN MARTIN MILLER'S DRY 40% (700ML),Bottles,1.000 ,
F2820086,GIN MATAROA (700ML),Bottles,1.000 ,
F28200173,GIN MIRABEAU ROSE 43% (700ML),Bottles,1.000 ,
F2820056,GIN NIKKA COFFEY (700ML),Bottles,1.700 ,
F28200102,GIN PORTOFINO 43% (500ML),Bottles,0.700 ,
F2820041,GIN TANQUERAY ΤΕΝ 47% (700ML),Bottles,2.060 ,
F28200143,GIN VOTANIKON 40% (700ML),Bottles,1.000 ,
F2820064,GIN WILLIAMS EXTRA DRY (700ML),Bottles,0.600 ,
F2820010,HENDRICK'S GIN 41% (700ML),Bottles,1.880 ,
F28200125,ROKU GIN JAPANESE 43% (700ML),Bottles,1.000 ,
F2820005,TANQUERAY GIN 43% (700ML),Bottles,1.000 ,
F28300012,VODKA ABSOLUT 40% (1L),Bottles,4.900 ,
F2830016,VODKA ABSOLUT CITRON 40% (700ML),Bottles,1.000 ,
F2830100,VODKA ABSOLUT VANILIA 40% (1L),Bottles,0.900 ,
F2830034,VODKA BELLUGA 40% (700ML),Bottles,1.500 ,
F2830033,VODKA BELLUGA GOLD LINE (700ML),Bottles,0.900 ,
F2830037,VODKA BELVEDERE 40% (700ML),Bottles,1.000 ,
F28300142,VODKA BOLS VANILLA 38.5% (700ML),Bottles,1.000 ,
F2830043,VODKA CIROC 40% (700ML),Bottles,1.400 ,
F28300110,VODKA CRYSTAL HEAD ONYX (700ML),Bottles,1.000 ,
F2830017,VODKA GREY GOOSE (700ML),Bottles,5.180 ,
F2830055,VODKA GREY GOOSE VX (1L),Bottles,0.400 ,
F28300108,VODKA HAKU SUNTORY 40% (1L),Bottles,1.000 ,
F28300124,VODKA KASTRA ELION (700ML),Bottles,0.800 ,
F2830078,VODKA SNOW LEOPARD (700ML),Bottles,1.000 ,
F2830068,VODKA STOLICHNAYA ELITE (700ML),Bottles,0.200 ,
F2830096,VODKA TITOS HANDMADE (700ML),Bottles,1.000 ,
F2840067,RUM BOTRAN RESERVA 15 Y.O (700ML),Bottles,1.000 ,
F28400004,RUM BUMBU 40% (700ML),Bottles,2.000 ,
F2840003,RUM CAPTAIN MORGAN 40% (700ML),Bottles,1.000 ,
F2840065,RUM DICTADOR 20 Y.O (700ML),Bottles,1.000 ,
F2840087,RUM DIPLOMATICO PLANAS 47% (700ML),Bottles,0.300 ,
F2840050,RUM DIPLOMATICO RESERVA EXCLUSIVA 12Y (700ML),Bottles,1.500 ,
F28400107,RUM DON PAPA BAROKO 40% (700ML),Bottles,1.000 ,
F28400106,RUM FLOR DE CANA SENTENARIO 12 Y.O (700ML),Bottles,1.000 ,
F2840014,RUM HAVANA CLUB 3 Y.O. 40% (1L),Bottles,0.880 ,
F28400003,RUM HAVANA CLUB 3 Y.O. 40% (700ML),Bottles,1.000 ,
F2840034,RUM HAVANA CLUB 5 Y.O. ANEJO RESERVA 40% (700ML),Bottles,1.880 ,
F2840035,RUM HAVANA CLUB 7 Y.O. 40% (700ML),Bottles,0.600 ,
F2840038,RUM HAVANA SELECCION DE MAESTROS 40% (700ML),Bottles,1.500 ,
F2840051,RUM KRAKEN BLACK SPICED (700ML),Bottles,1.000 ,
F2840039,RUM PAMPERO ANIVERSARIO 40% (700ML),Bottles,1.400 ,
F2840085,RUM PLANTATION X.O 20 Y.O ANNIVERSARY (700ML),Bottles,1.000 ,
F2840042,RUM PYRAT X.O (700ML),Bottles,0.800 ,
F2840057,RUM ZACAPA 23 40% (700ML),Bottles,0.300 ,
F2840059,RUM ZACAPA X.O. 40% (700ML),Bottles,1.000 ,
F2850012,DON JULIO ANEJO 38% (700ML),Bottles,0.800 ,
F2850013,DON JULIO BLANCO 38% (700ML),Bottles,0.400 ,
F2850014,DON JULIO REPOS 38% (700ML),Bottles,1.500 ,
F2850024,JOSE CUERVO RESERVA DE LA FAMILIA 38% (700ML),Bottles,0.700 ,
F28500056,MEZCAL VERDE MOMENTO 42% (700ML),Bottles,0.800 ,
F28500110,RUM FLOR DE CANA 18YO 40% (700ML),Bottles,0.700 ,
F2850031,TEKILA PATRON ANEJO (700ML),Bottles,0.700 ,
F28500079,TEQUILA CAZADORES BLANCO (700ML),Bottles,3.700 ,
F28500080,TEQUILA CAZADORES REPOSADO (700ML),Bottles,2.500 ,
F2850043,TEQUILA CLASE AZUL REPOSADO (700ML),Bottles,1.000 ,
F28500111,TEQUILA KOMOS REPOSADO ROSA 40% (700ML),Bottles,1.000 ,
F28500071,TEQUILA LOST EXPLORER MEZCAL ESPADIN (700ML),Bottles,1.800 ,
F2850032,TEQUILA PATRON REPOSADO (700ML),Bottles,0.400 ,
F28500052,TEQUILA PATRON SILVER (700ML),Bottles,1.100 ,
F28500061,ΤΕΚΙΛΑ CLASE AZUL PLATA (700ML),Bottles,1.000 ,
F28600027,FLUERE CANE 0% (700ML),Bottles,1.000 ,
F28600028,FLUERE RASPBERRY 0% (700ML),Bottles,1.000 ,
F28600030,FLUERE SMOKED AGAVE 0% (275ML),Bottles,1.000 ,
F2700202,SEEDLIP GROVE 72 (700ML),Bottles,0.300 ,
F2870056,ARMAGNAC LAUBADE 1981 (700ML),Bottles,0.300 ,
F28700087,BRANDY CHATEAU DE BORDENEUVE ARMAGNAC 1994 46.1% (700ML),Bottles,1.000 ,
F28700066,CALVADOS VIEUX MASSENEZ (700ML),Bottles,1.000 ,
F2870031,COGNAC PIERRE FERRAND AMBE SELECTION 30Y (700ML),Bottles,0.500 ,
F2870033,COURVOISIER VS (700ML),Bottles,0.700 ,
F2870004,HENNESSY VSOP 40% (700ML),Bottles,1.200 ,
F2870012,HENNESSY X.O. 40% (700ML),Bottles,1.300 ,
F2870007,METAXA 7* (700ML),Bottles,0.400 ,
F2870047,METAXA RESERVE 40% (700ML),Bottles,2.300 ,
F2870049,METAXA V.S.O.P. 12 Y.O. (700ML),Bottles,1.000 ,
F2870053,REMI MARTEN X.O. (700ML),Bottles,1.000 ,
F2870002,REMI MARTIN VSOP 40% (700ML),Bottles,1.500 ,
F3000008,ΑΝΘΡΑΚΙΚΟ ΠΕΡΙΕΧΟΜΕΝΟ (6KG),Container,4.000 ,
F3000157,ΜΑΝΤΑΛΑΚΙ ΞΥΛΙΝΟ ΔΙΑΚΟΣΜΗΤΙΚΟ 100ΤΕΜ,Packet,1.000 ,
F30000751,ΟΔΟΝΤΟΓΛΥΦΙΔΑ COCKTAIL BABOO ΜΕΓΑΛΗ ΜΕ ΦΙΟΓΚΑΚΙ 12CM*200ΤΕΜ,Packet,15.000 ,
F3000673,ΟΔΟΝΤΟΓΛΥΦΙΔΑ COCKTAIL BABOO ΜΙΚΡΗ ΚΑΡΔΙΑ 9CM*100ΤΕΜ,Packet,0.700 ,
F3000029,ΣΚΟΝΗ ΚΑΘΑΡΙΣΜΟΥ LACIP CM (450G),Container,1.200 ,
F3000312,ΦΙΛΤΡΑ ΚΑΦΕ MR GRAND 40ΤΕΜ,Packet,3.100 ,
F30001046,ΧΡΥΣΟ ΣΕ ΚΟΜΑΤΑΚΙΑ MALLARD FERRIERE (200G),Jar,1.000 ,
F30200497,ΚΑΛΑΜΑΚΙΑ ΜΑΥΡΑ ΧΑΡΤΙΝΑ ΝΤΥΜΕΝΑ 1\1 FREDDO 18CM 500ΤΕΜ,Packet,4.500 ,
F30200499,ΚΑΛΑΜΑΚΙΑ ΜΑΥΡΑ ΧΑΡΤΙΝΑ ΝΤΥΜΕΝΑ 1\1 ΠΟΤΟΥ 21CM 500ΤΕΜ,Packet,6.000 ,
F30200639,ΚΑΛΑΜΑΚΙΑ ΧΑΡΤΙΝΑ ΓΙΑ BUBBLE TEA 200TEM,Packet,17.000 ,
F30200772,ΚΑΛΑΜΑΚΙΑ ΧΑΡΤΙΝΑ ΜΑΥΡΑ 21CM ΝΤΥΜΕΝΑ 1/1 ΓΡΑΝΙΤΑΣ (500ΤΕΜ),Packet,5.000 ,
F30200756,ΚΑΛΑΜΑΚΙΑ ΧΑΡΤΙΝΑ ΡΙΓΕ ΚΟΚΚΙΝΑ-ΑΣΠΡΑ 20CM (20ΤΕΜ),Packet,1.000 ,
F30200438,ΧΑΡΤΟΠΕΤΣΕΤΑ 24*24CM ΛΕΥΚΗ 2ΦΥΛΛΗ 500ΤΕΜ,Packet,3.000 ,
F30200652,ΧΑΡΤΟΠΕΤΣΕΤΑ 40*40CM DUNI BIO DUNISOFT AIRLAID QUALITY GREIGE  60ΤΕΜ,Packet,8.000 ,
F3020087,"ΧΕΙΡΟΠΕΤΣΕΤΑ TORK REFLEX WIPING PAPER PLUS 2ΦΥΛΛΟ 150,8M (BARS) (ΕΝΤΟΣ)",Piece,2.000 ,
F3020272,"ΧΕΙΡΟΠΕΤΣΕΤΑ ΡΟΛΟ TORK ADVANCED ΜΠΛΕ 21*24,5CM 612ΦΥΛΛΑ",Piece,2.000 ,
F3030307,ΓΑΝΤΙΑ ΝΙΤΡΙΛΙΟΥ ΜΑΥΡΑ LARGE 100ΤΕΜ,Packet,1.000 ,
F30300364,ΓΑΝΤΙΑ ΝΙΤΡΙΛΙΟΥ ΜΑΥΡΑ ΜEDIUM 100ΤΕΜ,Packet,2.000 ,
F3030101,ΜΕΜΒΡΑΝΗ 30CM 200M,Piece,2.000 ,
F30300517,ΣΑΚΟΥΛΑ ΒΙΟΔΙΑΣΠΩΜΕΝΗ ΑΠΟΡΡΙΜΜΑΤΩΝ STRONG 80*110CM ΦΥΣΙΚΟ ΧΡΩΜΑ 25MIC VARIO (ΡΟΛΟ 20ΤΕΜ),Piece,3.000 ,
F30300516,ΣΑΚΟΥΛΑ ΒΙΟΔΙΑΣΠΩΜΕΝΗ ΟΡΓΑΝΙΚΩΝ ΑΠΟΡΡΙΜΜΑΤΩΝ STRONG 70*110CM ΑΠΑΛΟ ΠΡΑΣΙΝΟ 25MIC VARIO (ΡΟΛΟ 25ΤΕΜ),Piece,3.000 ,
F3100199,VILEDA ΕΝΤΟΣ ΡΟΛΟ QUICK N DRY ΠΕΡΦΟΡΕ,Piece,2.000 ,
F3100043,VILEDA ΕΝΤΟΣ ΣΠΟΓΓΟΣ ΕΠΑΓΓ/ΤΙΚΟΣ ΠΡΑΣΙΝΗ&ΜΠΕΖ ΦΙΜΠΡΑ 9*14cm,Piece,5.000 ,
F31300145,ECOLAB ΕΝΤΟΣ ASSERT CLEAN ECOLABEL (KITCHEN) (2*5L),Container,1.000 ,
F31300226,ECOLAB ΕΝΤΟΣ TOPMATIC CLEAN ECOLABEL (KITCHEN) (4*5L),Container,1.000 ,
F31300227,ECOLAB ΕΝΤΟΣ TOPRINSE CLEAN ECOLABEL (KITCHEN) (2*5L),Container,0.500 ,
F3210010,ΠΡΟΠΑΝΙΟ (13L),Tank,2.000 ,
F3210005,ΦΙΑΛΑΚΙΑ ΥΓΡΑΕΡΙΟΥ (470ML),CAN,4.000 ,
F3220023,ΠΟΥΡΑ COHIBA CIGARILLOS,Piece,7.000 ,
F3220004,ΠΟΥΡΑ COHIBA ΝO 6 SIVLO,Piece,5.000 ,
F3220001,ΠΟΥΡΑ MONTECRISTO NO 2 TORPEDO,Piece,5.000 ,
F3220010,ΠΟΥΡΑ PARTAGAS SERIE D No4,Piece,7.000 ,
F3220020,ΠΟΥΡΑ ROMEO & JULIETA CIGARILLOS,Piece,9.000 ,
F32200050,ΠΟΥΡΑ ROMEO & JULIETA WIDE C CHURCHILL GRAN RESERVA,Piece,7.000 ,
F30000779,ΔΕΙΓΜΑΤΑ ΑΝΑΛΩΣΙΜΑ,Cost,0.810 ,
